FileSharePath,,,SharePointSite,DocLibrary,DocSubFolder
\\joergs-laptop\share\Job1\01-CEO-Gesamtleitung-und-Strategie\People-und-Culture-Learning-und-Development,,,https://xjmg7.sharepoint.com/sites/Job1,Documents,Job1/01-CEO-Gesamtleitung-und-Strategie/People-und-Culture-Learning-und-Development
\\joergs-laptop\share\Job1\01-CEO-Gesamtleitung-und-Strategie\Technologie-Softwareentwicklung,,,https://xjmg7.sharepoint.com/sites/Job1,Documents,Job1/01-CEO-Gesamtleitung-und-Strategie/Technologie-Softwareentwicklung
\\joergs-laptop\share\Job1\02-CFO-Finanzen-und-Controlling\02-CFO-Finanzen-und-Controlling-Technologie-Cloud-und-Infrastruktur,,,https://xjmg7.sharepoint.com/sites/Job1,Documents,Job1/02-CFO-Finanzen-und-Controlling/02-CFO-Finanzen-und-Controlling-Technologie-Cloud-und-Infrastruktur
\\joergs-laptop\share\Job1\02-CFO-Finanzen-und-Controlling\Facility-und-Workplace-Management,,,https://xjmg7.sharepoint.com/sites/Job1,Documents,Job1/02-CFO-Finanzen-und-Controlling/Facility-und-Workplace-Management
\\joergs-laptop\share\Job1\02-CFO-Finanzen-und-Controlling\Finanzen-Finanzmanagement-Controlling,,,https://xjmg7.sharepoint.com/sites/Job1,Documents,Job1/02-CFO-Finanzen-und-Controlling/Finanzen-Finanzmanagement-Controlling
\\joergs-laptop\share\Job1\02-CFO-Finanzen-und-Controlling\People-und-Culture-Learning-und-Development,,,https://xjmg7.sharepoint.com/sites/Job1,Documents,Job1/02-CFO-Finanzen-und-Controlling/People-und-Culture-Learning-und-Development
\\joergs-laptop\share\Job1\02-CFO-Finanzen-und-Controlling\People-und-Culture-Talent-Acquisition,,,https://xjmg7.sharepoint.com/sites/Job1,Documents,Job1/02-CFO-Finanzen-und-Controlling/People-und-Culture-Talent-Acquisition
\\joergs-laptop\share\Job1\03-CTO-Technologie-und-IT\03-CTO-Technologie-und-IT-Technologie-Cloud-und-Infrastruktur,,,https://xjmg7.sharepoint.com/sites/Job1,Documents,Job1/03-CTO-Technologie-und-IT/03-CTO-Technologie-und-IT-Technologie-Cloud-und-Infrastruktur
\\joergs-laptop\share\Job1\03-CTO-Technologie-und-IT\People-und-Culture-Talent-Acquisition,,,https://xjmg7.sharepoint.com/sites/Job1,Documents,Job1/03-CTO-Technologie-und-IT/People-und-Culture-Talent-Acquisition
\\joergs-laptop\share\Job1\03-CTO-Technologie-und-IT\Technologie-IT-Operations,,,https://xjmg7.sharepoint.com/sites/Job1,Documents,Job1/03-CTO-Technologie-und-IT/Technologie-IT-Operations
\\joergs-laptop\share\Job1\03-CTO-Technologie-und-IT\Vertrieb-und-Marketing-B2B-B2C-Kanaele,,,https://xjmg7.sharepoint.com/sites/Job1,Documents,Job1/03-CTO-Technologie-und-IT/Vertrieb-und-Marketing-B2B-B2C-Kanaele
\\joergs-laptop\share\Job1\03-CTO-Technologie-und-IT\Vertrieb-und-Marketing-Kampagnen,,,https://xjmg7.sharepoint.com/sites/Job1,Documents,Job1/03-CTO-Technologie-und-IT/Vertrieb-und-Marketing-Kampagnen
\\joergs-laptop\share\Job1\04-COO-Betrieb-und-Logistik\04-COO-Betrieb-und-Logistik-Digital-Transformation-Prozessdigitalisierung,,,https://xjmg7.sharepoint.com/sites/Job1,Documents,Job1/04-COO-Betrieb-und-Logistik/04-COO-Betrieb-und-Logistik-Digital-Transformation-Prozessdigitalisierung
\\joergs-laptop\share\Job1\04-COO-Betrieb-und-Logistik\04-COO-Betrieb-und-Logistik-Technologie-Cloud-und-Infrastruktur,,,https://xjmg7.sharepoint.com/sites/Job1,Documents,Job1/04-COO-Betrieb-und-Logistik/04-COO-Betrieb-und-Logistik-Technologie-Cloud-und-Infrastruktur
\\joergs-laptop\share\Job1\04-COO-Betrieb-und-Logistik\04-COO-Betrieb-und-Logistik-Technologie-Network-Engineering,,,https://xjmg7.sharepoint.com/sites/Job1,Documents,Job1/04-COO-Betrieb-und-Logistik/04-COO-Betrieb-und-Logistik-Technologie-Network-Engineering
\\joergs-laptop\share\Job1\04-COO-Betrieb-und-Logistik\Sicherheit-IT-Security-Management,,,https://xjmg7.sharepoint.com/sites/Job1,Documents,Job1/04-COO-Betrieb-und-Logistik/Sicherheit-IT-Security-Management
\\joergs-laptop\share\Job1\04-COO-Betrieb-und-Logistik\Vertrieb-und-Marketing-B2B-B2C-Kanaele,,,https://xjmg7.sharepoint.com/sites/Job1,Documents,Job1/04-COO-Betrieb-und-Logistik/Vertrieb-und-Marketing-B2B-B2C-Kanaele
\\joergs-laptop\share\Job1\04-COO-Betrieb-und-Logistik\Vertrieb-und-Marketing-Kampagnen,,,https://xjmg7.sharepoint.com/sites/Job1,Documents,Job1/04-COO-Betrieb-und-Logistik/Vertrieb-und-Marketing-Kampagnen
\\joergs-laptop\share\Job1\05-CHRO-Personal-und-Kultur\Finanzen-Finanzmanagement-Controlling,,,https://xjmg7.sharepoint.com/sites/Job1,Documents,Job1/05-CHRO-Personal-und-Kultur/Finanzen-Finanzmanagement-Controlling
\\joergs-laptop\share\Job1\05-CHRO-Personal-und-Kultur\Sicherheit-Cyber-Defense-SOC,,,https://xjmg7.sharepoint.com/sites/Job1,Documents,Job1/05-CHRO-Personal-und-Kultur/Sicherheit-Cyber-Defense-SOC
\\joergs-laptop\share\Job1\05-CHRO-Personal-und-Kultur\Sicherheit-IT-Security-Management,,,https://xjmg7.sharepoint.com/sites/Job1,Documents,Job1/05-CHRO-Personal-und-Kultur/Sicherheit-IT-Security-Management
\\joergs-laptop\share\Job1\06-CISO-Informationssicherheit\06-CISO-Informationssicherheit-Sicherheit-Cyber-Defense-SOC,,,https://xjmg7.sharepoint.com/sites/Job1,Documents,Job1/06-CISO-Informationssicherheit/06-CISO-Informationssicherheit-Sicherheit-Cyber-Defense-SOC
\\joergs-laptop\share\Job1\06-CISO-Informationssicherheit\Sicherheit-IT-Security-Management,,,https://xjmg7.sharepoint.com/sites/Job1,Documents,Job1/06-CISO-Informationssicherheit/Sicherheit-IT-Security-Management
\\joergs-laptop\share\Job1\06-CISO-Informationssicherheit\Technologie-Network-Engineering,,,https://xjmg7.sharepoint.com/sites/Job1,Documents,Job1/06-CISO-Informationssicherheit/Technologie-Network-Engineering
\\joergs-laptop\share\Job1\06-CISO-Informationssicherheit\Vertrieb-und-Marketing-B2B-B2C-Kanaele,,,https://xjmg7.sharepoint.com/sites/Job1,Documents,Job1/06-CISO-Informationssicherheit/Vertrieb-und-Marketing-B2B-B2C-Kanaele
\\joergs-laptop\share\Job1\Compliance-und-Risk-Management\Betrieb-und-Projekte-Netzbetrieb,,,https://xjmg7.sharepoint.com/sites/Job1,Documents,Job1/Compliance-und-Risk-Management/Betrieb-und-Projekte-Netzbetrieb
\\joergs-laptop\share\Job1\Compliance-und-Risk-Management\Betrieb-und-Projekte-Prozessmanagement,,,https://xjmg7.sharepoint.com/sites/Job1,Documents,Job1/Compliance-und-Risk-Management/Betrieb-und-Projekte-Prozessmanagement
\\joergs-laptop\share\Job1\Compliance-und-Risk-Management\Sicherheit-Cyber-Defense-SOC,,,https://xjmg7.sharepoint.com/sites/Job1,Documents,Job1/Compliance-und-Risk-Management/Sicherheit-Cyber-Defense-SOC
\\joergs-laptop\share\Job1\Compliance-und-Risk-Management\Technologie-Network-Engineering,,,https://xjmg7.sharepoint.com/sites/Job1,Documents,Job1/Compliance-und-Risk-Management/Technologie-Network-Engineering
\\joergs-laptop\share\Job1\Compliance-und-Risk-Management\Vertrieb-und-Marketing-B2B-B2C-Kanaele,,,https://xjmg7.sharepoint.com/sites/Job1,Documents,Job1/Compliance-und-Risk-Management/Vertrieb-und-Marketing-B2B-B2C-Kanaele
\\joergs-laptop\share\Job1\Datenschutz-und-Governance\Sicherheit-IT-Security-Management,,,https://xjmg7.sharepoint.com/sites/Job1,Documents,Job1/Datenschutz-und-Governance/Sicherheit-IT-Security-Management
\\joergs-laptop\share\Job1\Datenschutz-und-Governance\Vertrieb-und-Marketing-Customer-Success,,,https://xjmg7.sharepoint.com/sites/Job1,Documents,Job1/Datenschutz-und-Governance/Vertrieb-und-Marketing-Customer-Success
\\joergs-laptop\share\Job1\Rechtsabteilung\Digital-Transformation-Prozessdigitalisierung,,,https://xjmg7.sharepoint.com/sites/Job1,Documents,Job1/Rechtsabteilung/Digital-Transformation-Prozessdigitalisierung
\\joergs-laptop\share\Job1\Rechtsabteilung\Finanzen-Rechnungswesen-und-Buchhaltung,,,https://xjmg7.sharepoint.com/sites/Job1,Documents,Job1/Rechtsabteilung/Finanzen-Rechnungswesen-und-Buchhaltung
\\joergs-laptop\share\Job1\Rechtsabteilung\People-und-Culture-Learning-und-Development,,,https://xjmg7.sharepoint.com/sites/Job1,Documents,Job1/Rechtsabteilung/People-und-Culture-Learning-und-Development
\\joergs-laptop\share\Job1\Rechtsabteilung\Technologie-Cloud-und-Infrastruktur,,,https://xjmg7.sharepoint.com/sites/Job1,Documents,Job1/Rechtsabteilung/Technologie-Cloud-und-Infrastruktur
\\joergs-laptop\share\Job1\Strategie-und-Kommunikation\Finanzen-Rechnungswesen-und-Buchhaltung,,,https://xjmg7.sharepoint.com/sites/Job1,Documents,Job1/Strategie-und-Kommunikation/Finanzen-Rechnungswesen-und-Buchhaltung
\\joergs-laptop\share\Job1\Strategie-und-Kommunikation\Strategie-und-Kommunikation-People-und-Culture-Talent-Acquisition,,,https://xjmg7.sharepoint.com/sites/Job1,Documents,Job1/Strategie-und-Kommunikation/Strategie-und-Kommunikation-People-und-Culture-Talent-Acquisition
\\joergs-laptop\share\Job1\Strategie-und-Kommunikation\Technologie-Softwareentwicklung,,,https://xjmg7.sharepoint.com/sites/Job1,Documents,Job1/Strategie-und-Kommunikation/Technologie-Softwareentwicklung
\\joergs-laptop\share\Job10\Team-CRM\Finanzen-Rechnungswesen-und-Buchhaltung,,,https://xjmg7.sharepoint.com/sites/Job10,Documents,Job10/Team-CRM/Finanzen-Rechnungswesen-und-Buchhaltung
\\joergs-laptop\share\Job10\Team-CRM\Finanzen-Vertragswesen-und-Einkauf,,,https://xjmg7.sharepoint.com/sites/Job10,Documents,Job10/Team-CRM/Finanzen-Vertragswesen-und-Einkauf
\\joergs-laptop\share\Job10\Team-CRM\Sicherheit-IT-Security-Management,,,https://xjmg7.sharepoint.com/sites/Job10,Documents,Job10/Team-CRM/Sicherheit-IT-Security-Management
\\joergs-laptop\share\Job10\Team-CRM\Team-CRM-Betrieb-und-Projekte-Projektmanagement,,,https://xjmg7.sharepoint.com/sites/Job10,Documents,Job10/Team-CRM/Team-CRM-Betrieb-und-Projekte-Projektmanagement
\\joergs-laptop\share\Job10\Team-CRM\Team-CRM-Sicherheit-Cyber-Defense-SOC,,,https://xjmg7.sharepoint.com/sites/Job10,Documents,Job10/Team-CRM/Team-CRM-Sicherheit-Cyber-Defense-SOC
\\joergs-laptop\share\Job10\Team-CRM\Team-CRM-Technologie-Softwareentwicklung,,,https://xjmg7.sharepoint.com/sites/Job10,Documents,Job10/Team-CRM/Team-CRM-Technologie-Softwareentwicklung
\\joergs-laptop\share\Job10\Team-Governance\Sicherheit-IT-Security-Management,,,https://xjmg7.sharepoint.com/sites/Job10,Documents,Job10/Team-Governance/Sicherheit-IT-Security-Management
\\joergs-laptop\share\Job10\Team-Governance\Team-Governance-Technologie-Cloud-und-Infrastruktur,,,https://xjmg7.sharepoint.com/sites/Job10,Documents,Job10/Team-Governance/Team-Governance-Technologie-Cloud-und-Infrastruktur
\\joergs-laptop\share\Job10\Team-HR-Admin\Betrieb-und-Projekte-Netzbetrieb,,,https://xjmg7.sharepoint.com/sites/Job10,Documents,Job10/Team-HR-Admin/Betrieb-und-Projekte-Netzbetrieb
\\joergs-laptop\share\Job10\Team-HR-Admin\People-und-Culture-HR-Operations,,,https://xjmg7.sharepoint.com/sites/Job10,Documents,Job10/Team-HR-Admin/People-und-Culture-HR-Operations
\\joergs-laptop\share\Job10\Team-HR-Admin\Sicherheit-Cyber-Defense-SOC,,,https://xjmg7.sharepoint.com/sites/Job10,Documents,Job10/Team-HR-Admin/Sicherheit-Cyber-Defense-SOC
\\joergs-laptop\share\Job10\Team-HR-Admin\Team-HR-Admin-Digital-Transformation-Prozessdigitalisierung,,,https://xjmg7.sharepoint.com/sites/Job10,Documents,Job10/Team-HR-Admin/Team-HR-Admin-Digital-Transformation-Prozessdigitalisierung
\\joergs-laptop\share\Job10\Team-HR-Admin\Team-HR-Admin-Technologie-IT-Operations,,,https://xjmg7.sharepoint.com/sites/Job10,Documents,Job10/Team-HR-Admin/Team-HR-Admin-Technologie-IT-Operations
\\joergs-laptop\share\Job10\Team-HR-Admin\Technologie-IT-Operations,,,https://xjmg7.sharepoint.com/sites/Job10,Documents,Job10/Team-HR-Admin/Technologie-IT-Operations
\\joergs-laptop\share\Job10\Team-Legal-Review\Facility-und-Workplace-Management,,,https://xjmg7.sharepoint.com/sites/Job10,Documents,Job10/Team-Legal-Review/Facility-und-Workplace-Management
\\joergs-laptop\share\Job10\Team-Legal-Review\Team-Legal-Review-Technologie-IT-Operations,,,https://xjmg7.sharepoint.com/sites/Job10,Documents,Job10/Team-Legal-Review/Team-Legal-Review-Technologie-IT-Operations
\\joergs-laptop\share\Job10\Team-Legal-Review\Vertrieb-und-Marketing-Customer-Success,,,https://xjmg7.sharepoint.com/sites/Job10,Documents,Job10/Team-Legal-Review/Vertrieb-und-Marketing-Customer-Success
\\joergs-laptop\share\Job10\Team-Product-Owners\Sicherheit-Cyber-Defense-SOC,,,https://xjmg7.sharepoint.com/sites/Job10,Documents,Job10/Team-Product-Owners/Sicherheit-Cyber-Defense-SOC
\\joergs-laptop\share\Job10\Team-Product-Owners\Sicherheit-IT-Security-Management,,,https://xjmg7.sharepoint.com/sites/Job10,Documents,Job10/Team-Product-Owners/Sicherheit-IT-Security-Management
\\joergs-laptop\share\Job10\Team-Product-Owners\Team-Product-Owners-Technologie-Cloud-und-Infrastruktur,,,https://xjmg7.sharepoint.com/sites/Job10,Documents,Job10/Team-Product-Owners/Team-Product-Owners-Technologie-Cloud-und-Infrastruktur
\\joergs-laptop\share\Job10\Team-Product-Owners\Technologie-Cloud-und-Infrastruktur,,,https://xjmg7.sharepoint.com/sites/Job10,Documents,Job10/Team-Product-Owners/Technologie-Cloud-und-Infrastruktur
\\joergs-laptop\share\Job10\Team-Product-Owners\Technologie-IT-Operations,,,https://xjmg7.sharepoint.com/sites/Job10,Documents,Job10/Team-Product-Owners/Technologie-IT-Operations
\\joergs-laptop\share\Job10\Team-QA-Automation\Facility-und-Workplace-Management,,,https://xjmg7.sharepoint.com/sites/Job10,Documents,Job10/Team-QA-Automation/Facility-und-Workplace-Management
\\joergs-laptop\share\Job10\Team-QA-Automation\Finanzen-Vertragswesen-und-Einkauf,,,https://xjmg7.sharepoint.com/sites/Job10,Documents,Job10/Team-QA-Automation/Finanzen-Vertragswesen-und-Einkauf
\\joergs-laptop\share\Job10\Team-QA-Automation\People-und-Culture-HR-Operations,,,https://xjmg7.sharepoint.com/sites/Job10,Documents,Job10/Team-QA-Automation/People-und-Culture-HR-Operations
\\joergs-laptop\share\Job10\Team-QA-Automation\People-und-Culture-Learning-und-Development,,,https://xjmg7.sharepoint.com/sites/Job10,Documents,Job10/Team-QA-Automation/People-und-Culture-Learning-und-Development
\\joergs-laptop\share\Job10\Team-QA-Automation\Sicherheit-IT-Security-Management,,,https://xjmg7.sharepoint.com/sites/Job10,Documents,Job10/Team-QA-Automation/Sicherheit-IT-Security-Management
\\joergs-laptop\share\Job10\Team-QA-Automation\Team-QA-Automation-Technologie-IT-Operations,,,https://xjmg7.sharepoint.com/sites/Job10,Documents,Job10/Team-QA-Automation/Team-QA-Automation-Technologie-IT-Operations
\\joergs-laptop\share\Job10\Team-QA-Automation\Technologie-Network-Engineering,,,https://xjmg7.sharepoint.com/sites/Job10,Documents,Job10/Team-QA-Automation/Technologie-Network-Engineering
\\joergs-laptop\share\Job10\Team-Recruiting-Ops\Finanzen-Vertragswesen-und-Einkauf,,,https://xjmg7.sharepoint.com/sites/Job10,Documents,Job10/Team-Recruiting-Ops/Finanzen-Vertragswesen-und-Einkauf
\\joergs-laptop\share\Job10\Team-Recruiting-Ops\People-und-Culture-Talent-Acquisition,,,https://xjmg7.sharepoint.com/sites/Job10,Documents,Job10/Team-Recruiting-Ops/People-und-Culture-Talent-Acquisition
\\joergs-laptop\share\Job10\Team-Recruiting-Ops\Technologie-Cloud-und-Infrastruktur,,,https://xjmg7.sharepoint.com/sites/Job10,Documents,Job10/Team-Recruiting-Ops/Technologie-Cloud-und-Infrastruktur
\\joergs-laptop\share\Job10\Team-Sustainability\Finanzen-Finanzmanagement-Controlling,,,https://xjmg7.sharepoint.com/sites/Job10,Documents,Job10/Team-Sustainability/Finanzen-Finanzmanagement-Controlling
\\joergs-laptop\share\Job10\Team-Sustainability\Finanzen-Rechnungswesen-und-Buchhaltung,,,https://xjmg7.sharepoint.com/sites/Job10,Documents,Job10/Team-Sustainability/Finanzen-Rechnungswesen-und-Buchhaltung
\\joergs-laptop\share\Job10\Team-Training\Finanzen-Rechnungswesen-und-Buchhaltung,,,https://xjmg7.sharepoint.com/sites/Job10,Documents,Job10/Team-Training/Finanzen-Rechnungswesen-und-Buchhaltung
\\joergs-laptop\share\Job10\Team-Training\Team-Training-Data-und-Analytics-BI-KI-Governance,,,https://xjmg7.sharepoint.com/sites/Job10,Documents,Job10/Team-Training/Team-Training-Data-und-Analytics-BI-KI-Governance
\\joergs-laptop\share\Job10\Team-Training\Team-Training-Technologie-Cloud-und-Infrastruktur,,,https://xjmg7.sharepoint.com/sites/Job10,Documents,Job10/Team-Training/Team-Training-Technologie-Cloud-und-Infrastruktur
\\joergs-laptop\share\Job10\Team-Training\Technologie-Network-Engineering,,,https://xjmg7.sharepoint.com/sites/Job10,Documents,Job10/Team-Training/Technologie-Network-Engineering
\\joergs-laptop\share\Job10\Team-UX-Lab\People-und-Culture-Learning-und-Development,,,https://xjmg7.sharepoint.com/sites/Job10,Documents,Job10/Team-UX-Lab/People-und-Culture-Learning-und-Development
\\joergs-laptop\share\Job10\Team-UX-Lab\Sicherheit-Cyber-Defense-SOC,,,https://xjmg7.sharepoint.com/sites/Job10,Documents,Job10/Team-UX-Lab/Sicherheit-Cyber-Defense-SOC
\\joergs-laptop\share\Job10\Team-UX-Lab\Sicherheit-IT-Security-Management,,,https://xjmg7.sharepoint.com/sites/Job10,Documents,Job10/Team-UX-Lab/Sicherheit-IT-Security-Management
\\joergs-laptop\share\Job10\Team-UX-Lab\Technologie-Softwareentwicklung,,,https://xjmg7.sharepoint.com/sites/Job10,Documents,Job10/Team-UX-Lab/Technologie-Softwareentwicklung
\\joergs-laptop\share\Job10\Team-UX-Lab\Vertrieb-und-Marketing-Customer-Success,,,https://xjmg7.sharepoint.com/sites/Job10,Documents,Job10/Team-UX-Lab/Vertrieb-und-Marketing-Customer-Success
\\joergs-laptop\share\Job2\Assistenz-der-Geschaeftsfuehrung\Assistenz-der-Geschaeftsfuehrung-Facility-und-Workplace-Management,,,https://xjmg7.sharepoint.com/sites/Job2,Documents,Job2/Assistenz-der-Geschaeftsfuehrung/Assistenz-der-Geschaeftsfuehrung-Facility-und-Workplace-Management
\\joergs-laptop\share\Job2\Assistenz-der-Geschaeftsfuehrung\Betrieb-und-Projekte-Prozessmanagement,,,https://xjmg7.sharepoint.com/sites/Job2,Documents,Job2/Assistenz-der-Geschaeftsfuehrung/Betrieb-und-Projekte-Prozessmanagement
\\joergs-laptop\share\Job2\Assistenz-der-Geschaeftsfuehrung\Digital-Transformation-Prozessdigitalisierung,,,https://xjmg7.sharepoint.com/sites/Job2,Documents,Job2/Assistenz-der-Geschaeftsfuehrung/Digital-Transformation-Prozessdigitalisierung
\\joergs-laptop\share\Job2\Assistenz-der-Geschaeftsfuehrung\Technologie-Cloud-und-Infrastruktur,,,https://xjmg7.sharepoint.com/sites/Job2,Documents,Job2/Assistenz-der-Geschaeftsfuehrung/Technologie-Cloud-und-Infrastruktur
\\joergs-laptop\share\Job2\Assistenz-der-Geschaeftsfuehrung\Technologie-Network-Engineering,,,https://xjmg7.sharepoint.com/sites/Job2,Documents,Job2/Assistenz-der-Geschaeftsfuehrung/Technologie-Network-Engineering
\\joergs-laptop\share\Job2\ESG-und-Nachhaltigkeit\Betrieb-und-Projekte-Netzbetrieb,,,https://xjmg7.sharepoint.com/sites/Job2,Documents,Job2/ESG-und-Nachhaltigkeit/Betrieb-und-Projekte-Netzbetrieb
\\joergs-laptop\share\Job2\ESG-und-Nachhaltigkeit\Betrieb-und-Projekte-Projektmanagement,,,https://xjmg7.sharepoint.com/sites/Job2,Documents,Job2/ESG-und-Nachhaltigkeit/Betrieb-und-Projekte-Projektmanagement
\\joergs-laptop\share\Job2\ESG-und-Nachhaltigkeit\ESG-und-Nachhaltigkeit-Technologie-Cloud-und-Infrastruktur,,,https://xjmg7.sharepoint.com/sites/Job2,Documents,Job2/ESG-und-Nachhaltigkeit/ESG-und-Nachhaltigkeit-Technologie-Cloud-und-Infrastruktur
\\joergs-laptop\share\Job2\GB-Betrieb-und-Projekte\Betrieb-und-Projekte-Netzbetrieb,,,https://xjmg7.sharepoint.com/sites/Job2,Documents,Job2/GB-Betrieb-und-Projekte/Betrieb-und-Projekte-Netzbetrieb
\\joergs-laptop\share\Job2\GB-Betrieb-und-Projekte\Facility-und-Workplace-Management,,,https://xjmg7.sharepoint.com/sites/Job2,Documents,Job2/GB-Betrieb-und-Projekte/Facility-und-Workplace-Management
\\joergs-laptop\share\Job2\GB-Betrieb-und-Projekte\GB-Betrieb-und-Projekte-Finanzen-Finanzmanagement-Controlling,,,https://xjmg7.sharepoint.com/sites/Job2,Documents,Job2/GB-Betrieb-und-Projekte/GB-Betrieb-und-Projekte-Finanzen-Finanzmanagement-Controlling
\\joergs-laptop\share\Job2\GB-Betrieb-und-Projekte\GB-Betrieb-und-Projekte-Technologie-Softwareentwicklung,,,https://xjmg7.sharepoint.com/sites/Job2,Documents,Job2/GB-Betrieb-und-Projekte/GB-Betrieb-und-Projekte-Technologie-Softwareentwicklung
\\joergs-laptop\share\Job2\GB-Betrieb-und-Projekte\Technologie-Network-Engineering,,,https://xjmg7.sharepoint.com/sites/Job2,Documents,Job2/GB-Betrieb-und-Projekte/Technologie-Network-Engineering
\\joergs-laptop\share\Job2\GB-Finanzen-und-Verwaltung\Facility-und-Workplace-Management,,,https://xjmg7.sharepoint.com/sites/Job2,Documents,Job2/GB-Finanzen-und-Verwaltung/Facility-und-Workplace-Management
\\joergs-laptop\share\Job2\GB-Finanzen-und-Verwaltung\GB-Finanzen-und-Verwaltung-Sicherheit-Cyber-Defense-SOC,,,https://xjmg7.sharepoint.com/sites/Job2,Documents,Job2/GB-Finanzen-und-Verwaltung/GB-Finanzen-und-Verwaltung-Sicherheit-Cyber-Defense-SOC
\\joergs-laptop\share\Job2\GB-Finanzen-und-Verwaltung\GB-Finanzen-und-Verwaltung-Vertrieb-und-Marketing-Kampagnen,,,https://xjmg7.sharepoint.com/sites/Job2,Documents,Job2/GB-Finanzen-und-Verwaltung/GB-Finanzen-und-Verwaltung-Vertrieb-und-Marketing-Kampagnen
\\joergs-laptop\share\Job2\GB-Finanzen-und-Verwaltung\Technologie-IT-Operations,,,https://xjmg7.sharepoint.com/sites/Job2,Documents,Job2/GB-Finanzen-und-Verwaltung/Technologie-IT-Operations
\\joergs-laptop\share\Job2\GB-Finanzen-und-Verwaltung\Vertrieb-und-Marketing-B2B-B2C-Kanaele,,,https://xjmg7.sharepoint.com/sites/Job2,Documents,Job2/GB-Finanzen-und-Verwaltung/Vertrieb-und-Marketing-B2B-B2C-Kanaele
\\joergs-laptop\share\Job2\GB-People-und-Culture\Finanzen-Finanzmanagement-Controlling,,,https://xjmg7.sharepoint.com/sites/Job2,Documents,Job2/GB-People-und-Culture/Finanzen-Finanzmanagement-Controlling
\\joergs-laptop\share\Job2\GB-People-und-Culture\Sicherheit-IT-Security-Management,,,https://xjmg7.sharepoint.com/sites/Job2,Documents,Job2/GB-People-und-Culture/Sicherheit-IT-Security-Management
\\joergs-laptop\share\Job2\GB-Technologie\GB-Technologie-Betrieb-und-Projekte-Netzbetrieb,,,https://xjmg7.sharepoint.com/sites/Job2,Documents,Job2/GB-Technologie/GB-Technologie-Betrieb-und-Projekte-Netzbetrieb
\\joergs-laptop\share\Job2\GB-Technologie\GB-Technologie-Data-und-Analytics-BI-KI-Governance,,,https://xjmg7.sharepoint.com/sites/Job2,Documents,Job2/GB-Technologie/GB-Technologie-Data-und-Analytics-BI-KI-Governance
\\joergs-laptop\share\Job2\GB-Technologie\GB-Technologie-Sicherheit-Cyber-Defense-SOC,,,https://xjmg7.sharepoint.com/sites/Job2,Documents,Job2/GB-Technologie/GB-Technologie-Sicherheit-Cyber-Defense-SOC
\\joergs-laptop\share\Job2\GB-Technologie\Vertrieb-und-Marketing-B2B-B2C-Kanaele,,,https://xjmg7.sharepoint.com/sites/Job2,Documents,Job2/GB-Technologie/Vertrieb-und-Marketing-B2B-B2C-Kanaele
\\joergs-laptop\share\Job2\GB-Vertrieb-und-Marketing\GB-Vertrieb-und-Marketing-Betrieb-und-Projekte-Prozessmanagement,,,https://xjmg7.sharepoint.com/sites/Job2,Documents,Job2/GB-Vertrieb-und-Marketing/GB-Vertrieb-und-Marketing-Betrieb-und-Projekte-Prozessmanagement
\\joergs-laptop\share\Job2\GB-Vertrieb-und-Marketing\GB-Vertrieb-und-Marketing-People-und-Culture-Talent-Acquisition,,,https://xjmg7.sharepoint.com/sites/Job2,Documents,Job2/GB-Vertrieb-und-Marketing/GB-Vertrieb-und-Marketing-People-und-Culture-Talent-Acquisition
\\joergs-laptop\share\Job2\GB-Vertrieb-und-Marketing\GB-Vertrieb-und-Marketing-Technologie-IT-Operations,,,https://xjmg7.sharepoint.com/sites/Job2,Documents,Job2/GB-Vertrieb-und-Marketing/GB-Vertrieb-und-Marketing-Technologie-IT-Operations
\\joergs-laptop\share\Job2\Innovation-Lab\Kundenerlebnis-Customer-Support,,,https://xjmg7.sharepoint.com/sites/Job2,Documents,Job2/Innovation-Lab/Kundenerlebnis-Customer-Support
\\joergs-laptop\share\Job2\Innovation-Lab\Technologie-Cloud-und-Infrastruktur\Risk-Management-Risikobewertung-Audits-Cyber-Risk\Product-Management-Produktstrategie-Roadmap-Backlog-Premium-Suite\IT-Helpdesk-Benutzersupport-Geraetemanagement-L1-Support\Sustainability-Team-Nachhaltigkeitsberichte-Umweltprojekte-Kreislaufwirtschaft,,,https://xjmg7.sharepoint.com/sites/Job2,Documents,Job2/Innovation-Lab/Technologie-Cloud-und-Infrastruktur/Risk-Management-Risikobewertung-Audits-Cyber-Risk/Product-Management-Produktstrategie-Roadmap-Backlog-Premium-Suite/IT-Helpdesk-Benutzersupport-Geraetemanagement-L1-Support/Sustainability-Team-Nachhaltigkeitsberichte-Umweltprojekte-Kreislaufwirtschaft
\\joergs-laptop\share\Job2\Interne-Revision\Betrieb-und-Projekte-Prozessmanagement,,,https://xjmg7.sharepoint.com/sites/Job2,Documents,Job2/Interne-Revision/Betrieb-und-Projekte-Prozessmanagement
\\joergs-laptop\share\Job2\Interne-Revision\Digital-Transformation-Prozessdigitalisierung,,,https://xjmg7.sharepoint.com/sites/Job2,Documents,Job2/Interne-Revision/Digital-Transformation-Prozessdigitalisierung
\\joergs-laptop\share\Job2\Interne-Revision\Technologie-Cloud-und-Infrastruktur,,,https://xjmg7.sharepoint.com/sites/Job2,Documents,Job2/Interne-Revision/Technologie-Cloud-und-Infrastruktur
\\joergs-laptop\share\Job2\Interne-Revision\Vertrieb-und-Marketing-Kampagnen,,,https://xjmg7.sharepoint.com/sites/Job2,Documents,Job2/Interne-Revision/Vertrieb-und-Marketing-Kampagnen
\\joergs-laptop\share\Job2\Unternehmensarchitektur\Unternehmensarchitektur-Finanzen-Vertragswesen-und-Einkauf,,,https://xjmg7.sharepoint.com/sites/Job2,Documents,Job2/Unternehmensarchitektur/Unternehmensarchitektur-Finanzen-Vertragswesen-und-Einkauf
\\joergs-laptop\share\Job2\Unternehmensarchitektur\Unternehmensarchitektur-Vertrieb-und-Marketing-Kampagnen,,,https://xjmg7.sharepoint.com/sites/Job2,Documents,Job2/Unternehmensarchitektur/Unternehmensarchitektur-Vertrieb-und-Marketing-Kampagnen
\\joergs-laptop\share\Job3\Bereich-Cloud-und-Platform-Services\Bereich-Cloud-und-Platform-Services-Technologie-Cloud-und-Infrastruktur,,,https://xjmg7.sharepoint.com/sites/Job3,Documents,Job3/Bereich-Cloud-und-Platform-Services/Bereich-Cloud-und-Platform-Services-Technologie-Cloud-und-Infrastruktur
\\joergs-laptop\share\Job3\Bereich-Cloud-und-Platform-Services\Bereich-Cloud-und-Platform-Services-Technologie-Network-Engineering,,,https://xjmg7.sharepoint.com/sites/Job3,Documents,Job3/Bereich-Cloud-und-Platform-Services/Bereich-Cloud-und-Platform-Services-Technologie-Network-Engineering
\\joergs-laptop\share\Job3\Bereich-Cloud-und-Platform-Services\Betrieb-und-Projekte-Netzbetrieb,,,https://xjmg7.sharepoint.com/sites/Job3,Documents,Job3/Bereich-Cloud-und-Platform-Services/Betrieb-und-Projekte-Netzbetrieb
\\joergs-laptop\share\Job3\Bereich-Cyber-Defense\Bereich-Cyber-Defense-Technologie-IT-Operations,,,https://xjmg7.sharepoint.com/sites/Job3,Documents,Job3/Bereich-Cyber-Defense/Bereich-Cyber-Defense-Technologie-IT-Operations
\\joergs-laptop\share\Job3\Bereich-Cyber-Defense\Bereich-Cyber-Defense-Vertrieb-und-Marketing-B2B-B2C-Kanaele,,,https://xjmg7.sharepoint.com/sites/Job3,Documents,Job3/Bereich-Cyber-Defense/Bereich-Cyber-Defense-Vertrieb-und-Marketing-B2B-B2C-Kanaele
\\joergs-laptop\share\Job3\Bereich-Cyber-Defense\People-und-Culture-HR-Operations,,,https://xjmg7.sharepoint.com/sites/Job3,Documents,Job3/Bereich-Cyber-Defense/People-und-Culture-HR-Operations
\\joergs-laptop\share\Job3\Bereich-Cyber-Defense\People-und-Culture-Learning-und-Development,,,https://xjmg7.sharepoint.com/sites/Job3,Documents,Job3/Bereich-Cyber-Defense/People-und-Culture-Learning-und-Development
\\joergs-laptop\share\Job3\Bereich-IT-Operations\Data-und-Analytics-BI-KI-Governance,,,https://xjmg7.sharepoint.com/sites/Job3,Documents,Job3/Bereich-IT-Operations/Data-und-Analytics-BI-KI-Governance
\\joergs-laptop\share\Job3\Bereich-IT-Operations\Finanzen-Rechnungswesen-und-Buchhaltung,,,https://xjmg7.sharepoint.com/sites/Job3,Documents,Job3/Bereich-IT-Operations/Finanzen-Rechnungswesen-und-Buchhaltung
\\joergs-laptop\share\Job3\Bereich-IT-Operations\Vertrieb-und-Marketing-B2B-B2C-Kanaele,,,https://xjmg7.sharepoint.com/sites/Job3,Documents,Job3/Bereich-IT-Operations/Vertrieb-und-Marketing-B2B-B2C-Kanaele
\\joergs-laptop\share\Job3\Bereich-IT-Security-Management\Bereich-IT-Security-Management-People-und-Culture-HR-Operations,,,https://xjmg7.sharepoint.com/sites/Job3,Documents,Job3/Bereich-IT-Security-Management/Bereich-IT-Security-Management-People-und-Culture-HR-Operations
\\joergs-laptop\share\Job3\Bereich-IT-Security-Management\Bereich-IT-Security-Management-People-und-Culture-Talent-Acquisition,,,https://xjmg7.sharepoint.com/sites/Job3,Documents,Job3/Bereich-IT-Security-Management/Bereich-IT-Security-Management-People-und-Culture-Talent-Acquisition
\\joergs-laptop\share\Job3\Bereich-IT-Security-Management\Bereich-IT-Security-Management-Technologie-IT-Operations,,,https://xjmg7.sharepoint.com/sites/Job3,Documents,Job3/Bereich-IT-Security-Management/Bereich-IT-Security-Management-Technologie-IT-Operations
\\joergs-laptop\share\Job3\Bereich-IT-Security-Management\Technologie-Softwareentwicklung,,,https://xjmg7.sharepoint.com/sites/Job3,Documents,Job3/Bereich-IT-Security-Management/Technologie-Softwareentwicklung
\\joergs-laptop\share\Job3\Bereich-IT-Security-Management\Vertrieb-und-Marketing-B2B-B2C-Kanaele,,,https://xjmg7.sharepoint.com/sites/Job3,Documents,Job3/Bereich-IT-Security-Management/Vertrieb-und-Marketing-B2B-B2C-Kanaele
\\joergs-laptop\share\Job3\Bereich-Network-Engineering\Bereich-Network-Engineering-Data-und-Analytics-BI-KI-Governance,,,https://xjmg7.sharepoint.com/sites/Job3,Documents,Job3/Bereich-Network-Engineering/Bereich-Network-Engineering-Data-und-Analytics-BI-KI-Governance
\\joergs-laptop\share\Job3\Bereich-Network-Engineering\Facility-und-Workplace-Management,,,https://xjmg7.sharepoint.com/sites/Job3,Documents,Job3/Bereich-Network-Engineering/Facility-und-Workplace-Management
\\joergs-laptop\share\Job3\Bereich-Network-Engineering\Finanzen-Vertragswesen-und-Einkauf,,,https://xjmg7.sharepoint.com/sites/Job3,Documents,Job3/Bereich-Network-Engineering/Finanzen-Vertragswesen-und-Einkauf
\\joergs-laptop\share\Job3\Bereich-Network-Engineering\People-und-Culture-HR-Operations,,,https://xjmg7.sharepoint.com/sites/Job3,Documents,Job3/Bereich-Network-Engineering/People-und-Culture-HR-Operations
\\joergs-laptop\share\Job3\Bereich-Netzbetrieb\Bereich-Netzbetrieb-Technologie-Cloud-und-Infrastruktur,,,https://xjmg7.sharepoint.com/sites/Job3,Documents,Job3/Bereich-Netzbetrieb/Bereich-Netzbetrieb-Technologie-Cloud-und-Infrastruktur
\\joergs-laptop\share\Job3\Bereich-Netzbetrieb\Betrieb-und-Projekte-Netzbetrieb\HR-Admin-Team-Vertragsverwaltung-Datenpflege-Fuehrungskraefte\Sales-Operations-CRM-Kundenmanagement-SMB\Datenschutz-DSGVO-Verzeichnis-Verarbeitungstaetigkeiten-IT-Dokumentation\Sustainability-Team-Nachhaltigkeitsberichte-Umweltprojekte-Kreislaufwirtschaft,,,https://xjmg7.sharepoint.com/sites/Job3,Documents,Job3/Bereich-Netzbetrieb/Betrieb-und-Projekte-Netzbetrieb/HR-Admin-Team-Vertragsverwaltung-Datenpflege-Fuehrungskraefte/Sales-Operations-CRM-Kundenmanagement-SMB/Datenschutz-DSGVO-Verzeichnis-Verarbeitungstaetigkeiten-IT-Dokumentation/Sustainability-Team-Nachhaltigkeitsberichte-Umweltprojekte-Kreislaufwirtschaft
\\joergs-laptop\share\Job3\Bereich-Netzbetrieb\Digital-Transformation-Prozessdigitalisierung,,,https://xjmg7.sharepoint.com/sites/Job3,Documents,Job3/Bereich-Netzbetrieb/Digital-Transformation-Prozessdigitalisierung
\\joergs-laptop\share\Job3\Bereich-Netzbetrieb\People-und-Culture-Learning-und-Development,,,https://xjmg7.sharepoint.com/sites/Job3,Documents,Job3/Bereich-Netzbetrieb/People-und-Culture-Learning-und-Development
\\joergs-laptop\share\Job3\Bereich-Projektmanagement\Betrieb-und-Projekte-Netzbetrieb,,,https://xjmg7.sharepoint.com/sites/Job3,Documents,Job3/Bereich-Projektmanagement/Betrieb-und-Projekte-Netzbetrieb
\\joergs-laptop\share\Job3\Bereich-Projektmanagement\Sicherheit-IT-Security-Management,,,https://xjmg7.sharepoint.com/sites/Job3,Documents,Job3/Bereich-Projektmanagement/Sicherheit-IT-Security-Management
\\joergs-laptop\share\Job3\Bereich-Softwareentwicklung\People-und-Culture-HR-Operations,,,https://xjmg7.sharepoint.com/sites/Job3,Documents,Job3/Bereich-Softwareentwicklung/People-und-Culture-HR-Operations
\\joergs-laptop\share\Job3\Bereich-Softwareentwicklung\Sicherheit-IT-Security-Management,,,https://xjmg7.sharepoint.com/sites/Job3,Documents,Job3/Bereich-Softwareentwicklung/Sicherheit-IT-Security-Management
\\joergs-laptop\share\Job3\GB-Kundenerlebnis-und-Support\Finanzen-Finanzmanagement-Controlling,,,https://xjmg7.sharepoint.com/sites/Job3,Documents,Job3/GB-Kundenerlebnis-und-Support/Finanzen-Finanzmanagement-Controlling
\\joergs-laptop\share\Job3\GB-Kundenerlebnis-und-Support\Finanzen-Vertragswesen-und-Einkauf,,,https://xjmg7.sharepoint.com/sites/Job3,Documents,Job3/GB-Kundenerlebnis-und-Support/Finanzen-Vertragswesen-und-Einkauf
\\joergs-laptop\share\Job3\GB-Kundenerlebnis-und-Support\Sicherheit-IT-Security-Management,,,https://xjmg7.sharepoint.com/sites/Job3,Documents,Job3/GB-Kundenerlebnis-und-Support/Sicherheit-IT-Security-Management
\\joergs-laptop\share\Job3\GB-Kundenerlebnis-und-Support\Technologie-Cloud-und-Infrastruktur,,,https://xjmg7.sharepoint.com/sites/Job3,Documents,Job3/GB-Kundenerlebnis-und-Support/Technologie-Cloud-und-Infrastruktur
\\joergs-laptop\share\Job3\GB-Kundenerlebnis-und-Support\Vertrieb-und-Marketing-B2B-B2C-Kanaele,,,https://xjmg7.sharepoint.com/sites/Job3,Documents,Job3/GB-Kundenerlebnis-und-Support/Vertrieb-und-Marketing-B2B-B2C-Kanaele
\\joergs-laptop\share\Job3\GB-Sicherheit-und-Compliance\Finanzen-Finanzmanagement-Controlling,,,https://xjmg7.sharepoint.com/sites/Job3,Documents,Job3/GB-Sicherheit-und-Compliance/Finanzen-Finanzmanagement-Controlling
\\joergs-laptop\share\Job3\GB-Sicherheit-und-Compliance\GB-Sicherheit-und-Compliance-People-und-Culture-Learning-und-Development,,,https://xjmg7.sharepoint.com/sites/Job3,Documents,Job3/GB-Sicherheit-und-Compliance/GB-Sicherheit-und-Compliance-People-und-Culture-Learning-und-Development
\\joergs-laptop\share\Job4\Bereich-Customer-Success\Bereich-Customer-Success-Facility-und-Workplace-Management,,,https://xjmg7.sharepoint.com/sites/Job4,Documents,Job4/Bereich-Customer-Success/Bereich-Customer-Success-Facility-und-Workplace-Management
\\joergs-laptop\share\Job4\Bereich-Customer-Success\Facility-und-Workplace-Management,,,https://xjmg7.sharepoint.com/sites/Job4,Documents,Job4/Bereich-Customer-Success/Facility-und-Workplace-Management
\\joergs-laptop\share\Job4\Bereich-Customer-Success\Sicherheit-Cyber-Defense-SOC,,,https://xjmg7.sharepoint.com/sites/Job4,Documents,Job4/Bereich-Customer-Success/Sicherheit-Cyber-Defense-SOC
\\joergs-laptop\share\Job4\Bereich-Customer-Success\Technologie-Cloud-und-Infrastruktur,,,https://xjmg7.sharepoint.com/sites/Job4,Documents,Job4/Bereich-Customer-Success/Technologie-Cloud-und-Infrastruktur
\\joergs-laptop\share\Job4\Bereich-Customer-Success\Vertrieb-und-Marketing-Customer-Success,,,https://xjmg7.sharepoint.com/sites/Job4,Documents,Job4/Bereich-Customer-Success/Vertrieb-und-Marketing-Customer-Success
\\joergs-laptop\share\Job4\Bereich-Finanzmanagement\Bereich-Finanzmanagement-Betrieb-und-Projekte-Netzbetrieb,,,https://xjmg7.sharepoint.com/sites/Job4,Documents,Job4/Bereich-Finanzmanagement/Bereich-Finanzmanagement-Betrieb-und-Projekte-Netzbetrieb
\\joergs-laptop\share\Job4\Bereich-Finanzmanagement\Bereich-Finanzmanagement-People-und-Culture-HR-Operations,,,https://xjmg7.sharepoint.com/sites/Job4,Documents,Job4/Bereich-Finanzmanagement/Bereich-Finanzmanagement-People-und-Culture-HR-Operations
\\joergs-laptop\share\Job4\Bereich-Finanzmanagement\Data-und-Analytics-BI-KI-Governance,,,https://xjmg7.sharepoint.com/sites/Job4,Documents,Job4/Bereich-Finanzmanagement/Data-und-Analytics-BI-KI-Governance
\\joergs-laptop\share\Job4\Bereich-Finanzmanagement\Finanzen-Finanzmanagement-Controlling,,,https://xjmg7.sharepoint.com/sites/Job4,Documents,Job4/Bereich-Finanzmanagement/Finanzen-Finanzmanagement-Controlling
\\joergs-laptop\share\Job4\Bereich-Finanzmanagement\Technologie-Cloud-und-Infrastruktur,,,https://xjmg7.sharepoint.com/sites/Job4,Documents,Job4/Bereich-Finanzmanagement/Technologie-Cloud-und-Infrastruktur
\\joergs-laptop\share\Job4\Bereich-Finanzmanagement\Technologie-Network-Engineering,,,https://xjmg7.sharepoint.com/sites/Job4,Documents,Job4/Bereich-Finanzmanagement/Technologie-Network-Engineering
\\joergs-laptop\share\Job4\Bereich-HR-Operations\Bereich-HR-Operations-Betrieb-und-Projekte-Projektmanagement,,,https://xjmg7.sharepoint.com/sites/Job4,Documents,Job4/Bereich-HR-Operations/Bereich-HR-Operations-Betrieb-und-Projekte-Projektmanagement
\\joergs-laptop\share\Job4\Bereich-HR-Operations\Betrieb-und-Projekte-Prozessmanagement,,,https://xjmg7.sharepoint.com/sites/Job4,Documents,Job4/Bereich-HR-Operations/Betrieb-und-Projekte-Prozessmanagement
\\joergs-laptop\share\Job4\Bereich-HR-Operations\Facility-und-Workplace-Management,,,https://xjmg7.sharepoint.com/sites/Job4,Documents,Job4/Bereich-HR-Operations/Facility-und-Workplace-Management
\\joergs-laptop\share\Job4\Bereich-HR-Operations\Finanzen-Rechnungswesen-und-Buchhaltung,,,https://xjmg7.sharepoint.com/sites/Job4,Documents,Job4/Bereich-HR-Operations/Finanzen-Rechnungswesen-und-Buchhaltung
\\joergs-laptop\share\Job4\Bereich-HR-Operations\Sicherheit-IT-Security-Management,,,https://xjmg7.sharepoint.com/sites/Job4,Documents,Job4/Bereich-HR-Operations/Sicherheit-IT-Security-Management
\\joergs-laptop\share\Job4\Bereich-HR-Operations\Technologie-IT-Operations,,,https://xjmg7.sharepoint.com/sites/Job4,Documents,Job4/Bereich-HR-Operations/Technologie-IT-Operations
\\joergs-laptop\share\Job4\Bereich-Learning-und-Development\Bereich-Learning-und-Development-Facility-und-Workplace-Management,,,https://xjmg7.sharepoint.com/sites/Job4,Documents,Job4/Bereich-Learning-und-Development/Bereich-Learning-und-Development-Facility-und-Workplace-Management
\\joergs-laptop\share\Job4\Bereich-Learning-und-Development\Bereich-Learning-und-Development-Sicherheit-IT-Security-Management,,,https://xjmg7.sharepoint.com/sites/Job4,Documents,Job4/Bereich-Learning-und-Development/Bereich-Learning-und-Development-Sicherheit-IT-Security-Management
\\joergs-laptop\share\Job4\Bereich-Learning-und-Development\Bereich-Learning-und-Development-Technologie-IT-Operations,,,https://xjmg7.sharepoint.com/sites/Job4,Documents,Job4/Bereich-Learning-und-Development/Bereich-Learning-und-Development-Technologie-IT-Operations
\\joergs-laptop\share\Job4\Bereich-Learning-und-Development\Data-und-Analytics-BI-KI-Governance,,,https://xjmg7.sharepoint.com/sites/Job4,Documents,Job4/Bereich-Learning-und-Development/Data-und-Analytics-BI-KI-Governance
\\joergs-laptop\share\Job4\Bereich-Learning-und-Development\Finanzen-Finanzmanagement-Controlling,,,https://xjmg7.sharepoint.com/sites/Job4,Documents,Job4/Bereich-Learning-und-Development/Finanzen-Finanzmanagement-Controlling
\\joergs-laptop\share\Job4\Bereich-Learning-und-Development\Technologie-Cloud-und-Infrastruktur,,,https://xjmg7.sharepoint.com/sites/Job4,Documents,Job4/Bereich-Learning-und-Development/Technologie-Cloud-und-Infrastruktur
\\joergs-laptop\share\Job4\Bereich-Marketing\Bereich-Marketing-Betrieb-und-Projekte-Projektmanagement,,,https://xjmg7.sharepoint.com/sites/Job4,Documents,Job4/Bereich-Marketing/Bereich-Marketing-Betrieb-und-Projekte-Projektmanagement
\\joergs-laptop\share\Job4\Bereich-Marketing\Data-und-Analytics-BI-KI-Governance,,,https://xjmg7.sharepoint.com/sites/Job4,Documents,Job4/Bereich-Marketing/Data-und-Analytics-BI-KI-Governance
\\joergs-laptop\share\Job4\Bereich-Marketing\Kundenerlebnis-Customer-Support,,,https://xjmg7.sharepoint.com/sites/Job4,Documents,Job4/Bereich-Marketing/Kundenerlebnis-Customer-Support
\\joergs-laptop\share\Job4\Bereich-Marketing\People-und-Culture-Learning-und-Development,,,https://xjmg7.sharepoint.com/sites/Job4,Documents,Job4/Bereich-Marketing/People-und-Culture-Learning-und-Development
\\joergs-laptop\share\Job4\Bereich-Marketing\Sicherheit-Cyber-Defense-SOC,,,https://xjmg7.sharepoint.com/sites/Job4,Documents,Job4/Bereich-Marketing/Sicherheit-Cyber-Defense-SOC
\\joergs-laptop\share\Job4\Bereich-Marketing\Technologie-Cloud-und-Infrastruktur,,,https://xjmg7.sharepoint.com/sites/Job4,Documents,Job4/Bereich-Marketing/Technologie-Cloud-und-Infrastruktur
\\joergs-laptop\share\Job4\Bereich-Prozessmanagement\Betrieb-und-Projekte-Netzbetrieb,,,https://xjmg7.sharepoint.com/sites/Job4,Documents,Job4/Bereich-Prozessmanagement/Betrieb-und-Projekte-Netzbetrieb
\\joergs-laptop\share\Job4\Bereich-Prozessmanagement\Facility-und-Workplace-Management,,,https://xjmg7.sharepoint.com/sites/Job4,Documents,Job4/Bereich-Prozessmanagement/Facility-und-Workplace-Management
\\joergs-laptop\share\Job4\Bereich-Rechnungswesen\Bereich-Rechnungswesen-Finanzen-Rechnungswesen-und-Buchhaltung,,,https://xjmg7.sharepoint.com/sites/Job4,Documents,Job4/Bereich-Rechnungswesen/Bereich-Rechnungswesen-Finanzen-Rechnungswesen-und-Buchhaltung
\\joergs-laptop\share\Job4\Bereich-Rechnungswesen\Betrieb-und-Projekte-Netzbetrieb,,,https://xjmg7.sharepoint.com/sites/Job4,Documents,Job4/Bereich-Rechnungswesen/Betrieb-und-Projekte-Netzbetrieb
\\joergs-laptop\share\Job4\Bereich-Rechnungswesen\People-und-Culture-Learning-und-Development,,,https://xjmg7.sharepoint.com/sites/Job4,Documents,Job4/Bereich-Rechnungswesen/People-und-Culture-Learning-und-Development
\\joergs-laptop\share\Job4\Bereich-Talent-Acquisition\Data-und-Analytics-BI-KI-Governance,,,https://xjmg7.sharepoint.com/sites/Job4,Documents,Job4/Bereich-Talent-Acquisition/Data-und-Analytics-BI-KI-Governance
\\joergs-laptop\share\Job4\Bereich-Talent-Acquisition\Finanzen-Vertragswesen-und-Einkauf,,,https://xjmg7.sharepoint.com/sites/Job4,Documents,Job4/Bereich-Talent-Acquisition/Finanzen-Vertragswesen-und-Einkauf
\\joergs-laptop\share\Job4\Bereich-Talent-Acquisition\People-und-Culture-Talent-Acquisition,,,https://xjmg7.sharepoint.com/sites/Job4,Documents,Job4/Bereich-Talent-Acquisition/People-und-Culture-Talent-Acquisition
\\joergs-laptop\share\Job4\Bereich-Vertragswesen\Bereich-Vertragswesen-Facility-und-Workplace-Management,,,https://xjmg7.sharepoint.com/sites/Job4,Documents,Job4/Bereich-Vertragswesen/Bereich-Vertragswesen-Facility-und-Workplace-Management
\\joergs-laptop\share\Job4\Bereich-Vertragswesen\Finanzen-Vertragswesen-und-Einkauf,,,https://xjmg7.sharepoint.com/sites/Job4,Documents,Job4/Bereich-Vertragswesen/Finanzen-Vertragswesen-und-Einkauf
\\joergs-laptop\share\Job4\Bereich-Vertragswesen\Kundenerlebnis-Customer-Support,,,https://xjmg7.sharepoint.com/sites/Job4,Documents,Job4/Bereich-Vertragswesen/Kundenerlebnis-Customer-Support
\\joergs-laptop\share\Job4\Bereich-Vertragswesen\People-und-Culture-Learning-und-Development,,,https://xjmg7.sharepoint.com/sites/Job4,Documents,Job4/Bereich-Vertragswesen/People-und-Culture-Learning-und-Development
\\joergs-laptop\share\Job4\Bereich-Vertrieb\Data-und-Analytics-BI-KI-Governance,,,https://xjmg7.sharepoint.com/sites/Job4,Documents,Job4/Bereich-Vertrieb/Data-und-Analytics-BI-KI-Governance
\\joergs-laptop\share\Job4\Bereich-Vertrieb\People-und-Culture-HR-Operations,,,https://xjmg7.sharepoint.com/sites/Job4,Documents,Job4/Bereich-Vertrieb/People-und-Culture-HR-Operations
\\joergs-laptop\share\Job4\Bereich-Vertrieb\People-und-Culture-Talent-Acquisition,,,https://xjmg7.sharepoint.com/sites/Job4,Documents,Job4/Bereich-Vertrieb/People-und-Culture-Talent-Acquisition
\\joergs-laptop\share\Job4\Bereich-Vertrieb\Vertrieb-und-Marketing-Kampagnen,,,https://xjmg7.sharepoint.com/sites/Job4,Documents,Job4/Bereich-Vertrieb/Vertrieb-und-Marketing-Kampagnen
\\joergs-laptop\share\Job5\Abteilung-Application-Development\Abteilung-Application-Development-People-und-Culture-Learning-und-Development,,,https://xjmg7.sharepoint.com/sites/Job5,Documents,Job5/Abteilung-Application-Development/Abteilung-Application-Development-People-und-Culture-Learning-und-Development
\\joergs-laptop\share\Job5\Abteilung-Application-Development\Betrieb-und-Projekte-Projektmanagement,,,https://xjmg7.sharepoint.com/sites/Job5,Documents,Job5/Abteilung-Application-Development/Betrieb-und-Projekte-Projektmanagement
\\joergs-laptop\share\Job5\Abteilung-Application-Development\Betrieb-und-Projekte-Prozessmanagement,,,https://xjmg7.sharepoint.com/sites/Job5,Documents,Job5/Abteilung-Application-Development/Betrieb-und-Projekte-Prozessmanagement
\\joergs-laptop\share\Job5\Abteilung-Application-Development\People-und-Culture-Learning-und-Development,,,https://xjmg7.sharepoint.com/sites/Job5,Documents,Job5/Abteilung-Application-Development/People-und-Culture-Learning-und-Development
\\joergs-laptop\share\Job5\Abteilung-Cloud-Infrastructure\Abteilung-Cloud-Infrastructure-Betrieb-und-Projekte-Prozessmanagement,,,https://xjmg7.sharepoint.com/sites/Job5,Documents,Job5/Abteilung-Cloud-Infrastructure/Abteilung-Cloud-Infrastructure-Betrieb-und-Projekte-Prozessmanagement
\\joergs-laptop\share\Job5\Abteilung-Cloud-Infrastructure\Finanzen-Finanzmanagement-Controlling,,,https://xjmg7.sharepoint.com/sites/Job5,Documents,Job5/Abteilung-Cloud-Infrastructure/Finanzen-Finanzmanagement-Controlling
\\joergs-laptop\share\Job5\Abteilung-Cloud-Infrastructure\Finanzen-Vertragswesen-und-Einkauf,,,https://xjmg7.sharepoint.com/sites/Job5,Documents,Job5/Abteilung-Cloud-Infrastructure/Finanzen-Vertragswesen-und-Einkauf
\\joergs-laptop\share\Job5\Abteilung-Cloud-Infrastructure\Technologie-Cloud-und-Infrastruktur,,,https://xjmg7.sharepoint.com/sites/Job5,Documents,Job5/Abteilung-Cloud-Infrastructure/Technologie-Cloud-und-Infrastruktur
\\joergs-laptop\share\Job5\Abteilung-Cloud-Infrastructure\Vertrieb-und-Marketing-Customer-Success,,,https://xjmg7.sharepoint.com/sites/Job5,Documents,Job5/Abteilung-Cloud-Infrastructure/Vertrieb-und-Marketing-Customer-Success
\\joergs-laptop\share\Job5\Abteilung-Controlling\Abteilung-Controlling-Digital-Transformation-Prozessdigitalisierung,,,https://xjmg7.sharepoint.com/sites/Job5,Documents,Job5/Abteilung-Controlling/Abteilung-Controlling-Digital-Transformation-Prozessdigitalisierung
\\joergs-laptop\share\Job5\Abteilung-Controlling\Abteilung-Controlling-People-und-Culture-Learning-und-Development,,,https://xjmg7.sharepoint.com/sites/Job5,Documents,Job5/Abteilung-Controlling/Abteilung-Controlling-People-und-Culture-Learning-und-Development
\\joergs-laptop\share\Job5\Abteilung-Controlling\Abteilung-Controlling-Technologie-Softwareentwicklung,,,https://xjmg7.sharepoint.com/sites/Job5,Documents,Job5/Abteilung-Controlling/Abteilung-Controlling-Technologie-Softwareentwicklung
\\joergs-laptop\share\Job5\Abteilung-Controlling\Betrieb-und-Projekte-Projektmanagement,,,https://xjmg7.sharepoint.com/sites/Job5,Documents,Job5/Abteilung-Controlling/Betrieb-und-Projekte-Projektmanagement
\\joergs-laptop\share\Job5\Abteilung-Controlling\Betrieb-und-Projekte-Prozessmanagement,,,https://xjmg7.sharepoint.com/sites/Job5,Documents,Job5/Abteilung-Controlling/Betrieb-und-Projekte-Prozessmanagement
\\joergs-laptop\share\Job5\Abteilung-Controlling\Data-und-Analytics-BI-KI-Governance,,,https://xjmg7.sharepoint.com/sites/Job5,Documents,Job5/Abteilung-Controlling/Data-und-Analytics-BI-KI-Governance
\\joergs-laptop\share\Job5\Abteilung-Controlling\Technologie-Softwareentwicklung,,,https://xjmg7.sharepoint.com/sites/Job5,Documents,Job5/Abteilung-Controlling/Technologie-Softwareentwicklung
\\joergs-laptop\share\Job5\Abteilung-Controlling\Vertrieb-und-Marketing-Customer-Success,,,https://xjmg7.sharepoint.com/sites/Job5,Documents,Job5/Abteilung-Controlling/Vertrieb-und-Marketing-Customer-Success
\\joergs-laptop\share\Job5\Abteilung-Field-Operations\Abteilung-Field-Operations-Digital-Transformation-Prozessdigitalisierung,,,https://xjmg7.sharepoint.com/sites/Job5,Documents,Job5/Abteilung-Field-Operations/Abteilung-Field-Operations-Digital-Transformation-Prozessdigitalisierung
\\joergs-laptop\share\Job5\Abteilung-Field-Operations\Abteilung-Field-Operations-Finanzen-Vertragswesen-und-Einkauf,,,https://xjmg7.sharepoint.com/sites/Job5,Documents,Job5/Abteilung-Field-Operations/Abteilung-Field-Operations-Finanzen-Vertragswesen-und-Einkauf
\\joergs-laptop\share\Job5\Abteilung-Field-Operations\Betrieb-und-Projekte-Prozessmanagement,,,https://xjmg7.sharepoint.com/sites/Job5,Documents,Job5/Abteilung-Field-Operations/Betrieb-und-Projekte-Prozessmanagement
\\joergs-laptop\share\Job5\Abteilung-Field-Operations\Finanzen-Finanzmanagement-Controlling,,,https://xjmg7.sharepoint.com/sites/Job5,Documents,Job5/Abteilung-Field-Operations/Finanzen-Finanzmanagement-Controlling
\\joergs-laptop\share\Job5\Abteilung-Process-Automation\Abteilung-Process-Automation-People-und-Culture-Learning-und-Development,,,https://xjmg7.sharepoint.com/sites/Job5,Documents,Job5/Abteilung-Process-Automation/Abteilung-Process-Automation-People-und-Culture-Learning-und-Development
\\joergs-laptop\share\Job5\Abteilung-Process-Automation\Betrieb-und-Projekte-Prozessmanagement,,,https://xjmg7.sharepoint.com/sites/Job5,Documents,Job5/Abteilung-Process-Automation/Betrieb-und-Projekte-Prozessmanagement
\\joergs-laptop\share\Job5\Abteilung-Process-Automation\People-und-Culture-HR-Operations,,,https://xjmg7.sharepoint.com/sites/Job5,Documents,Job5/Abteilung-Process-Automation/People-und-Culture-HR-Operations
\\joergs-laptop\share\Job5\Abteilung-Process-Automation\People-und-Culture-Talent-Acquisition,,,https://xjmg7.sharepoint.com/sites/Job5,Documents,Job5/Abteilung-Process-Automation/People-und-Culture-Talent-Acquisition
\\joergs-laptop\share\Job5\Abteilung-Process-Automation\Vertrieb-und-Marketing-B2B-B2C-Kanaele,,,https://xjmg7.sharepoint.com/sites/Job5,Documents,Job5/Abteilung-Process-Automation/Vertrieb-und-Marketing-B2B-B2C-Kanaele
\\joergs-laptop\share\Job5\Abteilung-Process-Automation\Vertrieb-und-Marketing-Customer-Success,,,https://xjmg7.sharepoint.com/sites/Job5,Documents,Job5/Abteilung-Process-Automation/Vertrieb-und-Marketing-Customer-Success
\\joergs-laptop\share\Job5\Abteilung-Project-Office\Finanzen-Rechnungswesen-und-Buchhaltung,,,https://xjmg7.sharepoint.com/sites/Job5,Documents,Job5/Abteilung-Project-Office/Finanzen-Rechnungswesen-und-Buchhaltung
\\joergs-laptop\share\Job5\Abteilung-Project-Office\People-und-Culture-Learning-und-Development,,,https://xjmg7.sharepoint.com/sites/Job5,Documents,Job5/Abteilung-Project-Office/People-und-Culture-Learning-und-Development
\\joergs-laptop\share\Job5\Abteilung-Project-Office\Technologie-Network-Engineering,,,https://xjmg7.sharepoint.com/sites/Job5,Documents,Job5/Abteilung-Project-Office/Technologie-Network-Engineering
\\joergs-laptop\share\Job5\Abteilung-Project-Office\Vertrieb-und-Marketing-Customer-Success,,,https://xjmg7.sharepoint.com/sites/Job5,Documents,Job5/Abteilung-Project-Office/Vertrieb-und-Marketing-Customer-Success
\\joergs-laptop\share\Job5\Bereich-Data-und-Analytics\Finanzen-Finanzmanagement-Controlling,,,https://xjmg7.sharepoint.com/sites/Job5,Documents,Job5/Bereich-Data-und-Analytics/Finanzen-Finanzmanagement-Controlling
\\joergs-laptop\share\Job5\Bereich-Data-und-Analytics\Finanzen-Rechnungswesen-und-Buchhaltung,,,https://xjmg7.sharepoint.com/sites/Job5,Documents,Job5/Bereich-Data-und-Analytics/Finanzen-Rechnungswesen-und-Buchhaltung
\\joergs-laptop\share\Job5\Bereich-Data-und-Analytics\People-und-Culture-HR-Operations,,,https://xjmg7.sharepoint.com/sites/Job5,Documents,Job5/Bereich-Data-und-Analytics/People-und-Culture-HR-Operations
\\joergs-laptop\share\Job5\Bereich-Digital-Transformation\Bereich-Digital-Transformation-Digital-Transformation-Prozessdigitalisierung,,,https://xjmg7.sharepoint.com/sites/Job5,Documents,Job5/Bereich-Digital-Transformation/Bereich-Digital-Transformation-Digital-Transformation-Prozessdigitalisierung
\\joergs-laptop\share\Job5\Bereich-Digital-Transformation\Bereich-Digital-Transformation-People-und-Culture-Talent-Acquisition,,,https://xjmg7.sharepoint.com/sites/Job5,Documents,Job5/Bereich-Digital-Transformation/Bereich-Digital-Transformation-People-und-Culture-Talent-Acquisition
\\joergs-laptop\share\Job5\Bereich-Digital-Transformation\Bereich-Digital-Transformation-Sicherheit-IT-Security-Management,,,https://xjmg7.sharepoint.com/sites/Job5,Documents,Job5/Bereich-Digital-Transformation/Bereich-Digital-Transformation-Sicherheit-IT-Security-Management
\\joergs-laptop\share\Job5\Bereich-Digital-Transformation\Bereich-Digital-Transformation-Technologie-IT-Operations,,,https://xjmg7.sharepoint.com/sites/Job5,Documents,Job5/Bereich-Digital-Transformation/Bereich-Digital-Transformation-Technologie-IT-Operations
\\joergs-laptop\share\Job5\Bereich-Digital-Transformation\Technologie-Softwareentwicklung,,,https://xjmg7.sharepoint.com/sites/Job5,Documents,Job5/Bereich-Digital-Transformation/Technologie-Softwareentwicklung
\\joergs-laptop\share\Job5\Bereich-Digital-Transformation\Vertrieb-und-Marketing-Customer-Success,,,https://xjmg7.sharepoint.com/sites/Job5,Documents,Job5/Bereich-Digital-Transformation/Vertrieb-und-Marketing-Customer-Success
\\joergs-laptop\share\Job5\Bereich-Facility-und-Workplace\Bereich-Facility-und-Workplace-Vertrieb-und-Marketing-Customer-Success,,,https://xjmg7.sharepoint.com/sites/Job5,Documents,Job5/Bereich-Facility-und-Workplace/Bereich-Facility-und-Workplace-Vertrieb-und-Marketing-Customer-Success
\\joergs-laptop\share\Job5\Bereich-Facility-und-Workplace\Betrieb-und-Projekte-Projektmanagement,,,https://xjmg7.sharepoint.com/sites/Job5,Documents,Job5/Bereich-Facility-und-Workplace/Betrieb-und-Projekte-Projektmanagement
\\joergs-laptop\share\Job5\Bereich-Facility-und-Workplace\Finanzen-Finanzmanagement-Controlling,,,https://xjmg7.sharepoint.com/sites/Job5,Documents,Job5/Bereich-Facility-und-Workplace/Finanzen-Finanzmanagement-Controlling
\\joergs-laptop\share\Job5\Bereich-Facility-und-Workplace\Sicherheit-IT-Security-Management,,,https://xjmg7.sharepoint.com/sites/Job5,Documents,Job5/Bereich-Facility-und-Workplace/Sicherheit-IT-Security-Management
\\joergs-laptop\share\Job5\Bereich-Facility-und-Workplace\Technologie-Softwareentwicklung,,,https://xjmg7.sharepoint.com/sites/Job5,Documents,Job5/Bereich-Facility-und-Workplace/Technologie-Softwareentwicklung
\\joergs-laptop\share\Job5\Bereich-Legal-Affairs\Bereich-Legal-Affairs-Finanzen-Vertragswesen-und-Einkauf,,,https://xjmg7.sharepoint.com/sites/Job5,Documents,Job5/Bereich-Legal-Affairs/Bereich-Legal-Affairs-Finanzen-Vertragswesen-und-Einkauf
\\joergs-laptop\share\Job5\Bereich-Legal-Affairs\Bereich-Legal-Affairs-People-und-Culture-Talent-Acquisition,,,https://xjmg7.sharepoint.com/sites/Job5,Documents,Job5/Bereich-Legal-Affairs/Bereich-Legal-Affairs-People-und-Culture-Talent-Acquisition
\\joergs-laptop\share\Job5\Bereich-Legal-Affairs\Data-und-Analytics-BI-KI-Governance,,,https://xjmg7.sharepoint.com/sites/Job5,Documents,Job5/Bereich-Legal-Affairs/Data-und-Analytics-BI-KI-Governance
\\joergs-laptop\share\Job5\Bereich-Legal-Affairs\Technologie-Cloud-und-Infrastruktur,,,https://xjmg7.sharepoint.com/sites/Job5,Documents,Job5/Bereich-Legal-Affairs/Technologie-Cloud-und-Infrastruktur
\\joergs-laptop\share\Job5\Bereich-Legal-Affairs\Vertrieb-und-Marketing-B2B-B2C-Kanaele,,,https://xjmg7.sharepoint.com/sites/Job5,Documents,Job5/Bereich-Legal-Affairs/Vertrieb-und-Marketing-B2B-B2C-Kanaele
\\joergs-laptop\share\Job6\Abteilung-Accounting\Betrieb-und-Projekte-Prozessmanagement,,,https://xjmg7.sharepoint.com/sites/Job6,Documents,Job6/Abteilung-Accounting/Betrieb-und-Projekte-Prozessmanagement
\\joergs-laptop\share\Job6\Abteilung-Accounting\Technologie-IT-Operations,,,https://xjmg7.sharepoint.com/sites/Job6,Documents,Job6/Abteilung-Accounting/Technologie-IT-Operations
\\joergs-laptop\share\Job6\Abteilung-Accounting\Vertrieb-und-Marketing-Customer-Success,,,https://xjmg7.sharepoint.com/sites/Job6,Documents,Job6/Abteilung-Accounting/Vertrieb-und-Marketing-Customer-Success
\\joergs-laptop\share\Job6\Abteilung-Brand-Management\Abteilung-Brand-Management-Finanzen-Finanzmanagement-Controlling,,,https://xjmg7.sharepoint.com/sites/Job6,Documents,Job6/Abteilung-Brand-Management/Abteilung-Brand-Management-Finanzen-Finanzmanagement-Controlling
\\joergs-laptop\share\Job6\Abteilung-Brand-Management\Abteilung-Brand-Management-Vertrieb-und-Marketing-Kampagnen,,,https://xjmg7.sharepoint.com/sites/Job6,Documents,Job6/Abteilung-Brand-Management/Abteilung-Brand-Management-Vertrieb-und-Marketing-Kampagnen
\\joergs-laptop\share\Job6\Abteilung-Brand-Management\Technologie-Cloud-und-Infrastruktur,,,https://xjmg7.sharepoint.com/sites/Job6,Documents,Job6/Abteilung-Brand-Management/Technologie-Cloud-und-Infrastruktur
\\joergs-laptop\share\Job6\Abteilung-Brand-Management\Technologie-IT-Operations,,,https://xjmg7.sharepoint.com/sites/Job6,Documents,Job6/Abteilung-Brand-Management/Technologie-IT-Operations
\\joergs-laptop\share\Job6\Abteilung-Customer-Support\Sicherheit-Cyber-Defense-SOC,,,https://xjmg7.sharepoint.com/sites/Job6,Documents,Job6/Abteilung-Customer-Support/Sicherheit-Cyber-Defense-SOC
\\joergs-laptop\share\Job6\Abteilung-Customer-Support\Technologie-IT-Operations,,,https://xjmg7.sharepoint.com/sites/Job6,Documents,Job6/Abteilung-Customer-Support/Technologie-IT-Operations
\\joergs-laptop\share\Job6\Abteilung-Digital-Marketing\Abteilung-Digital-Marketing-Betrieb-und-Projekte-Prozessmanagement,,,https://xjmg7.sharepoint.com/sites/Job6,Documents,Job6/Abteilung-Digital-Marketing/Abteilung-Digital-Marketing-Betrieb-und-Projekte-Prozessmanagement
\\joergs-laptop\share\Job6\Abteilung-Digital-Marketing\Abteilung-Digital-Marketing-Technologie-Network-Engineering,,,https://xjmg7.sharepoint.com/sites/Job6,Documents,Job6/Abteilung-Digital-Marketing/Abteilung-Digital-Marketing-Technologie-Network-Engineering
\\joergs-laptop\share\Job6\Abteilung-Digital-Marketing\Kundenerlebnis-Customer-Support,,,https://xjmg7.sharepoint.com/sites/Job6,Documents,Job6/Abteilung-Digital-Marketing/Kundenerlebnis-Customer-Support
\\joergs-laptop\share\Job6\Abteilung-Digital-Marketing\People-und-Culture-Learning-und-Development,,,https://xjmg7.sharepoint.com/sites/Job6,Documents,Job6/Abteilung-Digital-Marketing/People-und-Culture-Learning-und-Development
\\joergs-laptop\share\Job6\Abteilung-HR-Services\Abteilung-HR-Services-Finanzen-Rechnungswesen-und-Buchhaltung,,,https://xjmg7.sharepoint.com/sites/Job6,Documents,Job6/Abteilung-HR-Services/Abteilung-HR-Services-Finanzen-Rechnungswesen-und-Buchhaltung
\\joergs-laptop\share\Job6\Abteilung-HR-Services\Betrieb-und-Projekte-Netzbetrieb,,,https://xjmg7.sharepoint.com/sites/Job6,Documents,Job6/Abteilung-HR-Services/Betrieb-und-Projekte-Netzbetrieb
\\joergs-laptop\share\Job6\Abteilung-HR-Services\Betrieb-und-Projekte-Prozessmanagement,,,https://xjmg7.sharepoint.com/sites/Job6,Documents,Job6/Abteilung-HR-Services/Betrieb-und-Projekte-Prozessmanagement
\\joergs-laptop\share\Job6\Abteilung-HR-Services\Digital-Transformation-Prozessdigitalisierung,,,https://xjmg7.sharepoint.com/sites/Job6,Documents,Job6/Abteilung-HR-Services/Digital-Transformation-Prozessdigitalisierung
\\joergs-laptop\share\Job6\Abteilung-HR-Services\Finanzen-Rechnungswesen-und-Buchhaltung,,,https://xjmg7.sharepoint.com/sites/Job6,Documents,Job6/Abteilung-HR-Services/Finanzen-Rechnungswesen-und-Buchhaltung
\\joergs-laptop\share\Job6\Abteilung-HR-Services\People-und-Culture-Learning-und-Development,,,https://xjmg7.sharepoint.com/sites/Job6,Documents,Job6/Abteilung-HR-Services/People-und-Culture-Learning-und-Development
\\joergs-laptop\share\Job6\Abteilung-Key-Account-Management\Abteilung-Key-Account-Management-Sicherheit-IT-Security-Management,,,https://xjmg7.sharepoint.com/sites/Job6,Documents,Job6/Abteilung-Key-Account-Management/Abteilung-Key-Account-Management-Sicherheit-IT-Security-Management
\\joergs-laptop\share\Job6\Abteilung-Key-Account-Management\Betrieb-und-Projekte-Projektmanagement,,,https://xjmg7.sharepoint.com/sites/Job6,Documents,Job6/Abteilung-Key-Account-Management/Betrieb-und-Projekte-Projektmanagement
\\joergs-laptop\share\Job6\Abteilung-Key-Account-Management\Data-und-Analytics-BI-KI-Governance,,,https://xjmg7.sharepoint.com/sites/Job6,Documents,Job6/Abteilung-Key-Account-Management/Data-und-Analytics-BI-KI-Governance
\\joergs-laptop\share\Job6\Abteilung-Key-Account-Management\Finanzen-Rechnungswesen-und-Buchhaltung,,,https://xjmg7.sharepoint.com/sites/Job6,Documents,Job6/Abteilung-Key-Account-Management/Finanzen-Rechnungswesen-und-Buchhaltung
\\joergs-laptop\share\Job6\Abteilung-Key-Account-Management\People-und-Culture-Talent-Acquisition,,,https://xjmg7.sharepoint.com/sites/Job6,Documents,Job6/Abteilung-Key-Account-Management/People-und-Culture-Talent-Acquisition
\\joergs-laptop\share\Job6\Abteilung-Procurement\Abteilung-Procurement-Kundenerlebnis-Customer-Support,,,https://xjmg7.sharepoint.com/sites/Job6,Documents,Job6/Abteilung-Procurement/Abteilung-Procurement-Kundenerlebnis-Customer-Support
\\joergs-laptop\share\Job6\Abteilung-Procurement\Abteilung-Procurement-Technologie-Cloud-und-Infrastruktur,,,https://xjmg7.sharepoint.com/sites/Job6,Documents,Job6/Abteilung-Procurement/Abteilung-Procurement-Technologie-Cloud-und-Infrastruktur
\\joergs-laptop\share\Job6\Abteilung-Procurement\Facility-und-Workplace-Management,,,https://xjmg7.sharepoint.com/sites/Job6,Documents,Job6/Abteilung-Procurement/Facility-und-Workplace-Management
\\joergs-laptop\share\Job6\Abteilung-Procurement\Finanzen-Finanzmanagement-Controlling,,,https://xjmg7.sharepoint.com/sites/Job6,Documents,Job6/Abteilung-Procurement/Finanzen-Finanzmanagement-Controlling
\\joergs-laptop\share\Job6\Abteilung-Procurement\Technologie-Network-Engineering,,,https://xjmg7.sharepoint.com/sites/Job6,Documents,Job6/Abteilung-Procurement/Technologie-Network-Engineering
\\joergs-laptop\share\Job6\Abteilung-Sales-Operations\Facility-und-Workplace-Management,,,https://xjmg7.sharepoint.com/sites/Job6,Documents,Job6/Abteilung-Sales-Operations/Facility-und-Workplace-Management
\\joergs-laptop\share\Job6\Abteilung-Sales-Operations\Technologie-Cloud-und-Infrastruktur,,,https://xjmg7.sharepoint.com/sites/Job6,Documents,Job6/Abteilung-Sales-Operations/Technologie-Cloud-und-Infrastruktur
\\joergs-laptop\share\Job6\Abteilung-Service-Desk\Abteilung-Service-Desk-Finanzen-Rechnungswesen-und-Buchhaltung,,,https://xjmg7.sharepoint.com/sites/Job6,Documents,Job6/Abteilung-Service-Desk/Abteilung-Service-Desk-Finanzen-Rechnungswesen-und-Buchhaltung
\\joergs-laptop\share\Job6\Abteilung-Service-Desk\Betrieb-und-Projekte-Projektmanagement,,,https://xjmg7.sharepoint.com/sites/Job6,Documents,Job6/Abteilung-Service-Desk/Betrieb-und-Projekte-Projektmanagement
\\joergs-laptop\share\Job6\Abteilung-Service-Desk\Vertrieb-und-Marketing-Kampagnen,,,https://xjmg7.sharepoint.com/sites/Job6,Documents,Job6/Abteilung-Service-Desk/Vertrieb-und-Marketing-Kampagnen
\\joergs-laptop\share\Job6\Abteilung-Workforce-Management\Betrieb-und-Projekte-Projektmanagement,,,https://xjmg7.sharepoint.com/sites/Job6,Documents,Job6/Abteilung-Workforce-Management/Betrieb-und-Projekte-Projektmanagement
\\joergs-laptop\share\Job6\Abteilung-Workforce-Management\Data-und-Analytics-BI-KI-Governance,,,https://xjmg7.sharepoint.com/sites/Job6,Documents,Job6/Abteilung-Workforce-Management/Data-und-Analytics-BI-KI-Governance
\\joergs-laptop\share\Job6\Abteilung-Workforce-Management\Finanzen-Finanzmanagement-Controlling,,,https://xjmg7.sharepoint.com/sites/Job6,Documents,Job6/Abteilung-Workforce-Management/Finanzen-Finanzmanagement-Controlling
\\joergs-laptop\share\Job6\Abteilung-Workforce-Management\People-und-Culture-Learning-und-Development,,,https://xjmg7.sharepoint.com/sites/Job6,Documents,Job6/Abteilung-Workforce-Management/People-und-Culture-Learning-und-Development
\\joergs-laptop\share\Job6\Abteilung-Workforce-Management\Technologie-IT-Operations,,,https://xjmg7.sharepoint.com/sites/Job6,Documents,Job6/Abteilung-Workforce-Management/Technologie-IT-Operations
\\joergs-laptop\share\Job6\Abteilung-Workforce-Management\Technologie-Softwareentwicklung,,,https://xjmg7.sharepoint.com/sites/Job6,Documents,Job6/Abteilung-Workforce-Management/Technologie-Softwareentwicklung
\\joergs-laptop\share\Job7\Abteilung-AI-und-Automation\Abteilung-AI-und-Automation-Facility-und-Workplace-Management,,,https://xjmg7.sharepoint.com/sites/Job7,Documents,Job7/Abteilung-AI-und-Automation/Abteilung-AI-und-Automation-Facility-und-Workplace-Management
\\joergs-laptop\share\Job7\Abteilung-AI-und-Automation\Abteilung-AI-und-Automation-Finanzen-Finanzmanagement-Controlling,,,https://xjmg7.sharepoint.com/sites/Job7,Documents,Job7/Abteilung-AI-und-Automation/Abteilung-AI-und-Automation-Finanzen-Finanzmanagement-Controlling
\\joergs-laptop\share\Job7\Abteilung-AI-und-Automation\Technologie-Network-Engineering,,,https://xjmg7.sharepoint.com/sites/Job7,Documents,Job7/Abteilung-AI-und-Automation/Technologie-Network-Engineering
\\joergs-laptop\share\Job7\Abteilung-BI-und-Reporting\Technologie-Network-Engineering,,,https://xjmg7.sharepoint.com/sites/Job7,Documents,Job7/Abteilung-BI-und-Reporting/Technologie-Network-Engineering
\\joergs-laptop\share\Job7\Abteilung-BI-und-Reporting\Vertrieb-und-Marketing-B2B-B2C-Kanaele,,,https://xjmg7.sharepoint.com/sites/Job7,Documents,Job7/Abteilung-BI-und-Reporting/Vertrieb-und-Marketing-B2B-B2C-Kanaele
\\joergs-laptop\share\Job7\Abteilung-Compliance-Office\Abteilung-Compliance-Office-People-und-Culture-Talent-Acquisition,,,https://xjmg7.sharepoint.com/sites/Job7,Documents,Job7/Abteilung-Compliance-Office/Abteilung-Compliance-Office-People-und-Culture-Talent-Acquisition
\\joergs-laptop\share\Job7\Abteilung-Data-Engineering\Abteilung-Data-Engineering-Betrieb-und-Projekte-Prozessmanagement,,,https://xjmg7.sharepoint.com/sites/Job7,Documents,Job7/Abteilung-Data-Engineering/Abteilung-Data-Engineering-Betrieb-und-Projekte-Prozessmanagement
\\joergs-laptop\share\Job7\Abteilung-Data-Engineering\Abteilung-Data-Engineering-People-und-Culture-HR-Operations,,,https://xjmg7.sharepoint.com/sites/Job7,Documents,Job7/Abteilung-Data-Engineering/Abteilung-Data-Engineering-People-und-Culture-HR-Operations
\\joergs-laptop\share\Job7\Abteilung-Data-Engineering\Betrieb-und-Projekte-Netzbetrieb,,,https://xjmg7.sharepoint.com/sites/Job7,Documents,Job7/Abteilung-Data-Engineering/Betrieb-und-Projekte-Netzbetrieb
\\joergs-laptop\share\Job7\Abteilung-Data-Engineering\Finanzen-Rechnungswesen-und-Buchhaltung,,,https://xjmg7.sharepoint.com/sites/Job7,Documents,Job7/Abteilung-Data-Engineering/Finanzen-Rechnungswesen-und-Buchhaltung
\\joergs-laptop\share\Job7\Abteilung-Data-Engineering\People-und-Culture-HR-Operations,,,https://xjmg7.sharepoint.com/sites/Job7,Documents,Job7/Abteilung-Data-Engineering/People-und-Culture-HR-Operations
\\joergs-laptop\share\Job7\Abteilung-Data-Engineering\Sicherheit-IT-Security-Management,,,https://xjmg7.sharepoint.com/sites/Job7,Documents,Job7/Abteilung-Data-Engineering/Sicherheit-IT-Security-Management
\\joergs-laptop\share\Job7\Abteilung-Data-Engineering\Technologie-Network-Engineering,,,https://xjmg7.sharepoint.com/sites/Job7,Documents,Job7/Abteilung-Data-Engineering/Technologie-Network-Engineering
\\joergs-laptop\share\Job7\Abteilung-Employer-Branding\Abteilung-Employer-Branding-Kundenerlebnis-Customer-Support,,,https://xjmg7.sharepoint.com/sites/Job7,Documents,Job7/Abteilung-Employer-Branding/Abteilung-Employer-Branding-Kundenerlebnis-Customer-Support
\\joergs-laptop\share\Job7\Abteilung-Office-Management\Abteilung-Office-Management-Technologie-Softwareentwicklung,,,https://xjmg7.sharepoint.com/sites/Job7,Documents,Job7/Abteilung-Office-Management/Abteilung-Office-Management-Technologie-Softwareentwicklung
\\joergs-laptop\share\Job7\Abteilung-Office-Management\Facility-und-Workplace-Management,,,https://xjmg7.sharepoint.com/sites/Job7,Documents,Job7/Abteilung-Office-Management/Facility-und-Workplace-Management
\\joergs-laptop\share\Job7\Abteilung-Office-Management\Finanzen-Rechnungswesen-und-Buchhaltung,,,https://xjmg7.sharepoint.com/sites/Job7,Documents,Job7/Abteilung-Office-Management/Finanzen-Rechnungswesen-und-Buchhaltung
\\joergs-laptop\share\Job7\Abteilung-Office-Management\People-und-Culture-Learning-und-Development,,,https://xjmg7.sharepoint.com/sites/Job7,Documents,Job7/Abteilung-Office-Management/People-und-Culture-Learning-und-Development
\\joergs-laptop\share\Job7\Abteilung-Office-Management\Vertrieb-und-Marketing-B2B-B2C-Kanaele,,,https://xjmg7.sharepoint.com/sites/Job7,Documents,Job7/Abteilung-Office-Management/Vertrieb-und-Marketing-B2B-B2C-Kanaele
\\joergs-laptop\share\Job7\Abteilung-Recruiting\Betrieb-und-Projekte-Netzbetrieb,,,https://xjmg7.sharepoint.com/sites/Job7,Documents,Job7/Abteilung-Recruiting/Betrieb-und-Projekte-Netzbetrieb
\\joergs-laptop\share\Job7\Abteilung-Security-Operations\Abteilung-Security-Operations-Betrieb-und-Projekte-Prozessmanagement,,,https://xjmg7.sharepoint.com/sites/Job7,Documents,Job7/Abteilung-Security-Operations/Abteilung-Security-Operations-Betrieb-und-Projekte-Prozessmanagement
\\joergs-laptop\share\Job7\Abteilung-Security-Operations\Abteilung-Security-Operations-Facility-und-Workplace-Management,,,https://xjmg7.sharepoint.com/sites/Job7,Documents,Job7/Abteilung-Security-Operations/Abteilung-Security-Operations-Facility-und-Workplace-Management
\\joergs-laptop\share\Job7\Abteilung-Security-Operations\Abteilung-Security-Operations-Kundenerlebnis-Customer-Support,,,https://xjmg7.sharepoint.com/sites/Job7,Documents,Job7/Abteilung-Security-Operations/Abteilung-Security-Operations-Kundenerlebnis-Customer-Support
\\joergs-laptop\share\Job7\Abteilung-Security-Operations\Facility-und-Workplace-Management,,,https://xjmg7.sharepoint.com/sites/Job7,Documents,Job7/Abteilung-Security-Operations/Facility-und-Workplace-Management
\\joergs-laptop\share\Job7\Abteilung-Security-Operations\Finanzen-Vertragswesen-und-Einkauf,,,https://xjmg7.sharepoint.com/sites/Job7,Documents,Job7/Abteilung-Security-Operations/Finanzen-Vertragswesen-und-Einkauf
\\joergs-laptop\share\Job7\Abteilung-Solution-Architecture\Abteilung-Solution-Architecture-Vertrieb-und-Marketing-B2B-B2C-Kanaele,,,https://xjmg7.sharepoint.com/sites/Job7,Documents,Job7/Abteilung-Solution-Architecture/Abteilung-Solution-Architecture-Vertrieb-und-Marketing-B2B-B2C-Kanaele
\\joergs-laptop\share\Job7\Abteilung-Solution-Architecture\Betrieb-und-Projekte-Prozessmanagement,,,https://xjmg7.sharepoint.com/sites/Job7,Documents,Job7/Abteilung-Solution-Architecture/Betrieb-und-Projekte-Prozessmanagement
\\joergs-laptop\share\Job7\Abteilung-Solution-Architecture\Data-und-Analytics-BI-KI-Governance,,,https://xjmg7.sharepoint.com/sites/Job7,Documents,Job7/Abteilung-Solution-Architecture/Data-und-Analytics-BI-KI-Governance
\\joergs-laptop\share\Job7\Abteilung-Solution-Architecture\People-und-Culture-Learning-und-Development,,,https://xjmg7.sharepoint.com/sites/Job7,Documents,Job7/Abteilung-Solution-Architecture/People-und-Culture-Learning-und-Development
\\joergs-laptop\share\Job7\Abteilung-Solution-Architecture\Vertrieb-und-Marketing-Customer-Success,,,https://xjmg7.sharepoint.com/sites/Job7,Documents,Job7/Abteilung-Solution-Architecture/Vertrieb-und-Marketing-Customer-Success
\\joergs-laptop\share\Job7\Abteilung-Talent-Development\Abteilung-Talent-Development-Digital-Transformation-Prozessdigitalisierung,,,https://xjmg7.sharepoint.com/sites/Job7,Documents,Job7/Abteilung-Talent-Development/Abteilung-Talent-Development-Digital-Transformation-Prozessdigitalisierung
\\joergs-laptop\share\Job7\Abteilung-Talent-Development\Abteilung-Talent-Development-Finanzen-Vertragswesen-und-Einkauf,,,https://xjmg7.sharepoint.com/sites/Job7,Documents,Job7/Abteilung-Talent-Development/Abteilung-Talent-Development-Finanzen-Vertragswesen-und-Einkauf
\\joergs-laptop\share\Job7\Abteilung-Talent-Development\Abteilung-Talent-Development-People-und-Culture-Learning-und-Development,,,https://xjmg7.sharepoint.com/sites/Job7,Documents,Job7/Abteilung-Talent-Development/Abteilung-Talent-Development-People-und-Culture-Learning-und-Development
\\joergs-laptop\share\Job7\Abteilung-Talent-Development\Facility-und-Workplace-Management,,,https://xjmg7.sharepoint.com/sites/Job7,Documents,Job7/Abteilung-Talent-Development/Facility-und-Workplace-Management
\\joergs-laptop\share\Job7\Abteilung-Talent-Development\Sicherheit-IT-Security-Management,,,https://xjmg7.sharepoint.com/sites/Job7,Documents,Job7/Abteilung-Talent-Development/Sicherheit-IT-Security-Management
\\joergs-laptop\share\Job8\Abteilung-DevOps\Digital-Transformation-Prozessdigitalisierung,,,https://xjmg7.sharepoint.com/sites/Job8,Documents,Job8/Abteilung-DevOps/Digital-Transformation-Prozessdigitalisierung
\\joergs-laptop\share\Job8\Abteilung-DevOps\Facility-und-Workplace-Management,,,https://xjmg7.sharepoint.com/sites/Job8,Documents,Job8/Abteilung-DevOps/Facility-und-Workplace-Management
\\joergs-laptop\share\Job8\Abteilung-DevOps\Finanzen-Finanzmanagement-Controlling,,,https://xjmg7.sharepoint.com/sites/Job8,Documents,Job8/Abteilung-DevOps/Finanzen-Finanzmanagement-Controlling
\\joergs-laptop\share\Job8\Abteilung-DevOps\Finanzen-Vertragswesen-und-Einkauf,,,https://xjmg7.sharepoint.com/sites/Job8,Documents,Job8/Abteilung-DevOps/Finanzen-Vertragswesen-und-Einkauf
\\joergs-laptop\share\Job8\Abteilung-DevOps\People-und-Culture-HR-Operations,,,https://xjmg7.sharepoint.com/sites/Job8,Documents,Job8/Abteilung-DevOps/People-und-Culture-HR-Operations
\\joergs-laptop\share\Job8\Abteilung-Incident-Response\Digital-Transformation-Prozessdigitalisierung,,,https://xjmg7.sharepoint.com/sites/Job8,Documents,Job8/Abteilung-Incident-Response/Digital-Transformation-Prozessdigitalisierung
\\joergs-laptop\share\Job8\Abteilung-Incident-Response\Technologie-Cloud-und-Infrastruktur,,,https://xjmg7.sharepoint.com/sites/Job8,Documents,Job8/Abteilung-Incident-Response/Technologie-Cloud-und-Infrastruktur
\\joergs-laptop\share\Job8\Abteilung-Incident-Response\Vertrieb-und-Marketing-Customer-Success,,,https://xjmg7.sharepoint.com/sites/Job8,Documents,Job8/Abteilung-Incident-Response/Vertrieb-und-Marketing-Customer-Success
\\joergs-laptop\share\Job8\Abteilung-Incident-Response\Vertrieb-und-Marketing-Kampagnen,,,https://xjmg7.sharepoint.com/sites/Job8,Documents,Job8/Abteilung-Incident-Response/Vertrieb-und-Marketing-Kampagnen
\\joergs-laptop\share\Job8\Abteilung-Infrastructure-Services\Abteilung-Infrastructure-Services-People-und-Culture-Talent-Acquisition,,,https://xjmg7.sharepoint.com/sites/Job8,Documents,Job8/Abteilung-Infrastructure-Services/Abteilung-Infrastructure-Services-People-und-Culture-Talent-Acquisition
\\joergs-laptop\share\Job8\Abteilung-Infrastructure-Services\Betrieb-und-Projekte-Netzbetrieb,,,https://xjmg7.sharepoint.com/sites/Job8,Documents,Job8/Abteilung-Infrastructure-Services/Betrieb-und-Projekte-Netzbetrieb
\\joergs-laptop\share\Job8\Abteilung-Infrastructure-Services\Technologie-IT-Operations,,,https://xjmg7.sharepoint.com/sites/Job8,Documents,Job8/Abteilung-Infrastructure-Services/Technologie-IT-Operations
\\joergs-laptop\share\Job8\Abteilung-IT-Helpdesk\Finanzen-Finanzmanagement-Controlling,,,https://xjmg7.sharepoint.com/sites/Job8,Documents,Job8/Abteilung-IT-Helpdesk/Finanzen-Finanzmanagement-Controlling
\\joergs-laptop\share\Job8\Abteilung-IT-Helpdesk\Sicherheit-IT-Security-Management,,,https://xjmg7.sharepoint.com/sites/Job8,Documents,Job8/Abteilung-IT-Helpdesk/Sicherheit-IT-Security-Management
\\joergs-laptop\share\Job8\Abteilung-IT-Helpdesk\Vertrieb-und-Marketing-Customer-Success,,,https://xjmg7.sharepoint.com/sites/Job8,Documents,Job8/Abteilung-IT-Helpdesk/Vertrieb-und-Marketing-Customer-Success
\\joergs-laptop\share\Job8\Abteilung-Product-Management\Abteilung-Product-Management-People-und-Culture-Talent-Acquisition,,,https://xjmg7.sharepoint.com/sites/Job8,Documents,Job8/Abteilung-Product-Management/Abteilung-Product-Management-People-und-Culture-Talent-Acquisition
\\joergs-laptop\share\Job8\Abteilung-Product-Management\Abteilung-Product-Management-Technologie-Softwareentwicklung,,,https://xjmg7.sharepoint.com/sites/Job8,Documents,Job8/Abteilung-Product-Management/Abteilung-Product-Management-Technologie-Softwareentwicklung
\\joergs-laptop\share\Job8\Abteilung-Product-Management\Facility-und-Workplace-Management,,,https://xjmg7.sharepoint.com/sites/Job8,Documents,Job8/Abteilung-Product-Management/Facility-und-Workplace-Management
\\joergs-laptop\share\Job8\Abteilung-Product-Management\Finanzen-Finanzmanagement-Controlling,,,https://xjmg7.sharepoint.com/sites/Job8,Documents,Job8/Abteilung-Product-Management/Finanzen-Finanzmanagement-Controlling
\\joergs-laptop\share\Job8\Abteilung-Product-Management\People-und-Culture-Learning-und-Development,,,https://xjmg7.sharepoint.com/sites/Job8,Documents,Job8/Abteilung-Product-Management/People-und-Culture-Learning-und-Development
\\joergs-laptop\share\Job8\Abteilung-Product-Management\Vertrieb-und-Marketing-Customer-Success,,,https://xjmg7.sharepoint.com/sites/Job8,Documents,Job8/Abteilung-Product-Management/Vertrieb-und-Marketing-Customer-Success
\\joergs-laptop\share\Job8\Abteilung-Product-Management\Vertrieb-und-Marketing-Kampagnen,,,https://xjmg7.sharepoint.com/sites/Job8,Documents,Job8/Abteilung-Product-Management/Vertrieb-und-Marketing-Kampagnen
\\joergs-laptop\share\Job8\Abteilung-QA-und-Testing\Betrieb-und-Projekte-Netzbetrieb,,,https://xjmg7.sharepoint.com/sites/Job8,Documents,Job8/Abteilung-QA-und-Testing/Betrieb-und-Projekte-Netzbetrieb
\\joergs-laptop\share\Job8\Abteilung-QA-und-Testing\Betrieb-und-Projekte-Prozessmanagement,,,https://xjmg7.sharepoint.com/sites/Job8,Documents,Job8/Abteilung-QA-und-Testing/Betrieb-und-Projekte-Prozessmanagement
\\joergs-laptop\share\Job8\Abteilung-QA-und-Testing\Data-und-Analytics-BI-KI-Governance,,,https://xjmg7.sharepoint.com/sites/Job8,Documents,Job8/Abteilung-QA-und-Testing/Data-und-Analytics-BI-KI-Governance
\\joergs-laptop\share\Job8\Abteilung-QA-und-Testing\Kundenerlebnis-Customer-Support,,,https://xjmg7.sharepoint.com/sites/Job8,Documents,Job8/Abteilung-QA-und-Testing/Kundenerlebnis-Customer-Support
\\joergs-laptop\share\Job8\Abteilung-QA-und-Testing\Technologie-IT-Operations,,,https://xjmg7.sharepoint.com/sites/Job8,Documents,Job8/Abteilung-QA-und-Testing/Technologie-IT-Operations
\\joergs-laptop\share\Job8\Abteilung-Risk-Management\Data-und-Analytics-BI-KI-Governance\Product-Owners-Backlogpflege-Sprintplanung-Sprint-03\Office-Management-Organisation-Fuhrpark-Poststelle-Berlin\Product-Owners-Backlogpflege-Sprintplanung-Sprint-04\Legal-Review-Team-Vertragspruefung-Dokumentation-Dienstleistungsvertrag,,,https://xjmg7.sharepoint.com/sites/Job8,Documents,Job8/Abteilung-Risk-Management/Data-und-Analytics-BI-KI-Governance/Product-Owners-Backlogpflege-Sprintplanung-Sprint-03/Office-Management-Organisation-Fuhrpark-Poststelle-Berlin/Product-Owners-Backlogpflege-Sprintplanung-Sprint-04/Legal-Review-Team-Vertragspruefung-Dokumentation-Dienstleistungsvertrag
\\joergs-laptop\share\Job8\Abteilung-Risk-Management\People-und-Culture-Learning-und-Development,,,https://xjmg7.sharepoint.com/sites/Job8,Documents,Job8/Abteilung-Risk-Management/People-und-Culture-Learning-und-Development
\\joergs-laptop\share\Job8\Abteilung-Risk-Management\Sicherheit-Cyber-Defense-SOC,,,https://xjmg7.sharepoint.com/sites/Job8,Documents,Job8/Abteilung-Risk-Management/Sicherheit-Cyber-Defense-SOC
\\joergs-laptop\share\Job8\Abteilung-Threat-Intelligence\Abteilung-Threat-Intelligence-People-und-Culture-Talent-Acquisition,,,https://xjmg7.sharepoint.com/sites/Job8,Documents,Job8/Abteilung-Threat-Intelligence/Abteilung-Threat-Intelligence-People-und-Culture-Talent-Acquisition
\\joergs-laptop\share\Job8\Abteilung-Threat-Intelligence\Finanzen-Rechnungswesen-und-Buchhaltung,,,https://xjmg7.sharepoint.com/sites/Job8,Documents,Job8/Abteilung-Threat-Intelligence/Finanzen-Rechnungswesen-und-Buchhaltung
\\joergs-laptop\share\Job8\Abteilung-Threat-Intelligence\Technologie-Cloud-und-Infrastruktur,,,https://xjmg7.sharepoint.com/sites/Job8,Documents,Job8/Abteilung-Threat-Intelligence/Technologie-Cloud-und-Infrastruktur
\\joergs-laptop\share\Job8\Abteilung-Threat-Intelligence\Vertrieb-und-Marketing-Customer-Success,,,https://xjmg7.sharepoint.com/sites/Job8,Documents,Job8/Abteilung-Threat-Intelligence/Vertrieb-und-Marketing-Customer-Success
\\joergs-laptop\share\Job8\Abteilung-Threat-Intelligence\Vertrieb-und-Marketing-Kampagnen,,,https://xjmg7.sharepoint.com/sites/Job8,Documents,Job8/Abteilung-Threat-Intelligence/Vertrieb-und-Marketing-Kampagnen
\\joergs-laptop\share\Job8\Abteilung-Training-und-Awareness\Abteilung-Training-und-Awareness-Technologie-IT-Operations,,,https://xjmg7.sharepoint.com/sites/Job8,Documents,Job8/Abteilung-Training-und-Awareness/Abteilung-Training-und-Awareness-Technologie-IT-Operations
\\joergs-laptop\share\Job8\Abteilung-Training-und-Awareness\Technologie-Network-Engineering,,,https://xjmg7.sharepoint.com/sites/Job8,Documents,Job8/Abteilung-Training-und-Awareness/Technologie-Network-Engineering
\\joergs-laptop\share\Job8\Abteilung-Training-und-Awareness\Vertrieb-und-Marketing-B2B-B2C-Kanaele,,,https://xjmg7.sharepoint.com/sites/Job8,Documents,Job8/Abteilung-Training-und-Awareness/Vertrieb-und-Marketing-B2B-B2C-Kanaele
\\joergs-laptop\share\Job8\Abteilung-UX-UI-Design\Abteilung-UX-UI-Design-Vertrieb-und-Marketing-B2B-B2C-Kanaele,,,https://xjmg7.sharepoint.com/sites/Job8,Documents,Job8/Abteilung-UX-UI-Design/Abteilung-UX-UI-Design-Vertrieb-und-Marketing-B2B-B2C-Kanaele
\\joergs-laptop\share\Job8\Abteilung-UX-UI-Design\Vertrieb-und-Marketing-Kampagnen,,,https://xjmg7.sharepoint.com/sites/Job8,Documents,Job8/Abteilung-UX-UI-Design/Vertrieb-und-Marketing-Kampagnen
\\joergs-laptop\share\Job9\Team-Azure\Betrieb-und-Projekte-Netzbetrieb,,,https://xjmg7.sharepoint.com/sites/Job9,Documents,Job9/Team-Azure/Betrieb-und-Projekte-Netzbetrieb
\\joergs-laptop\share\Job9\Team-Azure\Finanzen-Vertragswesen-und-Einkauf,,,https://xjmg7.sharepoint.com/sites/Job9,Documents,Job9/Team-Azure/Finanzen-Vertragswesen-und-Einkauf
\\joergs-laptop\share\Job9\Team-Azure\Team-Azure-Technologie-Network-Engineering,,,https://xjmg7.sharepoint.com/sites/Job9,Documents,Job9/Team-Azure/Team-Azure-Technologie-Network-Engineering
\\joergs-laptop\share\Job9\Team-Azure\Team-Azure-Technologie-Softwareentwicklung,,,https://xjmg7.sharepoint.com/sites/Job9,Documents,Job9/Team-Azure/Team-Azure-Technologie-Softwareentwicklung
\\joergs-laptop\share\Job9\Team-Azure\Vertrieb-und-Marketing-Customer-Success,,,https://xjmg7.sharepoint.com/sites/Job9,Documents,Job9/Team-Azure/Vertrieb-und-Marketing-Customer-Success
\\joergs-laptop\share\Job9\Team-Campaign\Betrieb-und-Projekte-Netzbetrieb\Security-Operations-SIEM-Patchmanagement-Ueberwachung\Service-Desk-Ticketmanagement-Troubleshooting-Hardware\UX-UI-Design-Designsysteme-Nutzererfahrung-Dashboard-UX\Legal-Review-Team-Vertragspruefung-Dokumentation-Dienstleistungsvertrag,,,https://xjmg7.sharepoint.com/sites/Job9,Documents,Job9/Team-Campaign/Betrieb-und-Projekte-Netzbetrieb/Security-Operations-SIEM-Patchmanagement-Ueberwachung/Service-Desk-Ticketmanagement-Troubleshooting-Hardware/UX-UI-Design-Designsysteme-Nutzererfahrung-Dashboard-UX/Legal-Review-Team-Vertragspruefung-Dokumentation-Dienstleistungsvertrag
\\joergs-laptop\share\Job9\Team-Campaign\Digital-Transformation-Prozessdigitalisierung,,,https://xjmg7.sharepoint.com/sites/Job9,Documents,Job9/Team-Campaign/Digital-Transformation-Prozessdigitalisierung
\\joergs-laptop\share\Job9\Team-Campaign\People-und-Culture-Talent-Acquisition,,,https://xjmg7.sharepoint.com/sites/Job9,Documents,Job9/Team-Campaign/People-und-Culture-Talent-Acquisition
\\joergs-laptop\share\Job9\Team-Campaign\Team-Campaign-Technologie-Softwareentwicklung,,,https://xjmg7.sharepoint.com/sites/Job9,Documents,Job9/Team-Campaign/Team-Campaign-Technologie-Softwareentwicklung
\\joergs-laptop\share\Job9\Team-Campaign\Technologie-Cloud-und-Infrastruktur,,,https://xjmg7.sharepoint.com/sites/Job9,Documents,Job9/Team-Campaign/Technologie-Cloud-und-Infrastruktur
\\joergs-laptop\share\Job9\Team-DevOps\Betrieb-und-Projekte-Projektmanagement,,,https://xjmg7.sharepoint.com/sites/Job9,Documents,Job9/Team-DevOps/Betrieb-und-Projekte-Projektmanagement
\\joergs-laptop\share\Job9\Team-Finance-Reporting\Betrieb-und-Projekte-Prozessmanagement,,,https://xjmg7.sharepoint.com/sites/Job9,Documents,Job9/Team-Finance-Reporting/Betrieb-und-Projekte-Prozessmanagement
\\joergs-laptop\share\Job9\Team-Finance-Reporting\Team-Finance-Reporting-Finanzen-Rechnungswesen-und-Buchhaltung,,,https://xjmg7.sharepoint.com/sites/Job9,Documents,Job9/Team-Finance-Reporting/Team-Finance-Reporting-Finanzen-Rechnungswesen-und-Buchhaltung
\\joergs-laptop\share\Job9\Team-Linux\Betrieb-und-Projekte-Prozessmanagement,,,https://xjmg7.sharepoint.com/sites/Job9,Documents,Job9/Team-Linux/Betrieb-und-Projekte-Prozessmanagement
\\joergs-laptop\share\Job9\Team-Linux\People-und-Culture-Learning-und-Development,,,https://xjmg7.sharepoint.com/sites/Job9,Documents,Job9/Team-Linux/People-und-Culture-Learning-und-Development
\\joergs-laptop\share\Job9\Team-Linux\Team-Linux-Betrieb-und-Projekte-Projektmanagement,,,https://xjmg7.sharepoint.com/sites/Job9,Documents,Job9/Team-Linux/Team-Linux-Betrieb-und-Projekte-Projektmanagement
\\joergs-laptop\share\Job9\Team-Linux\Team-Linux-Sicherheit-IT-Security-Management,,,https://xjmg7.sharepoint.com/sites/Job9,Documents,Job9/Team-Linux/Team-Linux-Sicherheit-IT-Security-Management
\\joergs-laptop\share\Job9\Team-Linux\Vertrieb-und-Marketing-B2B-B2C-Kanaele,,,https://xjmg7.sharepoint.com/sites/Job9,Documents,Job9/Team-Linux/Vertrieb-und-Marketing-B2B-B2C-Kanaele
\\joergs-laptop\share\Job9\Team-Linux\Vertrieb-und-Marketing-Customer-Success,,,https://xjmg7.sharepoint.com/sites/Job9,Documents,Job9/Team-Linux/Vertrieb-und-Marketing-Customer-Success
\\joergs-laptop\share\Job9\Team-Network\Betrieb-und-Projekte-Netzbetrieb,,,https://xjmg7.sharepoint.com/sites/Job9,Documents,Job9/Team-Network/Betrieb-und-Projekte-Netzbetrieb
\\joergs-laptop\share\Job9\Team-Network\Kundenerlebnis-Customer-Support,,,https://xjmg7.sharepoint.com/sites/Job9,Documents,Job9/Team-Network/Kundenerlebnis-Customer-Support
\\joergs-laptop\share\Job9\Team-Network\Team-Network-People-und-Culture-HR-Operations,,,https://xjmg7.sharepoint.com/sites/Job9,Documents,Job9/Team-Network/Team-Network-People-und-Culture-HR-Operations
\\joergs-laptop\share\Job9\Team-Network\Team-Network-People-und-Culture-Learning-und-Development,,,https://xjmg7.sharepoint.com/sites/Job9,Documents,Job9/Team-Network/Team-Network-People-und-Culture-Learning-und-Development
\\joergs-laptop\share\Job9\Team-Network\Vertrieb-und-Marketing-Customer-Success,,,https://xjmg7.sharepoint.com/sites/Job9,Documents,Job9/Team-Network/Vertrieb-und-Marketing-Customer-Success
\\joergs-laptop\share\Job9\Team-Project-Control\Digital-Transformation-Prozessdigitalisierung,,,https://xjmg7.sharepoint.com/sites/Job9,Documents,Job9/Team-Project-Control/Digital-Transformation-Prozessdigitalisierung
\\joergs-laptop\share\Job9\Team-Project-Control\Team-Project-Control-Finanzen-Finanzmanagement-Controlling\Security-Operations-SIEM-Patchmanagement-Ueberwachung\Cloud-Infrastructure-Azure-Team-2025-Projekte\Recruiting-Bewerbungsmanagement-Interviews-Software-Engineer-2025\Sales-Operations-CRM-Kundenmanagement-Healthcare,,,https://xjmg7.sharepoint.com/sites/Job9,Documents,Job9/Team-Project-Control/Team-Project-Control-Finanzen-Finanzmanagement-Controlling/Security-Operations-SIEM-Patchmanagement-Ueberwachung/Cloud-Infrastructure-Azure-Team-2025-Projekte/Recruiting-Bewerbungsmanagement-Interviews-Software-Engineer-2025/Sales-Operations-CRM-Kundenmanagement-Healthcare
\\joergs-laptop\share\Job9\Team-Project-Control\Technologie-Cloud-und-Infrastruktur\Sustainability-Team-Nachhaltigkeitsberichte-Umweltprojekte-CO2-Reduktion\Cloud-Infrastructure-Azure-Team-2022-Projekte\Compliance-Office-Audits-Zertifizierungen-Policies-DSGVO\Process-Automation-Workflow-RPA-Approval-Workflow,,,https://xjmg7.sharepoint.com/sites/Job9,Documents,Job9/Team-Project-Control/Technologie-Cloud-und-Infrastruktur/Sustainability-Team-Nachhaltigkeitsberichte-Umweltprojekte-CO2-Reduktion/Cloud-Infrastructure-Azure-Team-2022-Projekte/Compliance-Office-Audits-Zertifizierungen-Policies-DSGVO/Process-Automation-Workflow-RPA-Approval-Workflow
\\joergs-laptop\share\Job9\Team-SOC\Finanzen-Finanzmanagement-Controlling,,,https://xjmg7.sharepoint.com/sites/Job9,Documents,Job9/Team-SOC/Finanzen-Finanzmanagement-Controlling
\\joergs-laptop\share\Job9\Team-SOC\People-und-Culture-Learning-und-Development,,,https://xjmg7.sharepoint.com/sites/Job9,Documents,Job9/Team-SOC/People-und-Culture-Learning-und-Development
\\joergs-laptop\share\Job9\Team-SOC\Team-SOC-Data-und-Analytics-BI-KI-Governance,,,https://xjmg7.sharepoint.com/sites/Job9,Documents,Job9/Team-SOC/Team-SOC-Data-und-Analytics-BI-KI-Governance
\\joergs-laptop\share\Job9\Team-SOC\Team-SOC-Digital-Transformation-Prozessdigitalisierung,,,https://xjmg7.sharepoint.com/sites/Job9,Documents,Job9/Team-SOC/Team-SOC-Digital-Transformation-Prozessdigitalisierung
\\joergs-laptop\share\Job9\Team-SOC\Team-SOC-People-und-Culture-Learning-und-Development,,,https://xjmg7.sharepoint.com/sites/Job9,Documents,Job9/Team-SOC/Team-SOC-People-und-Culture-Learning-und-Development
\\joergs-laptop\share\Job9\Team-SOC\Team-SOC-Technologie-Cloud-und-Infrastruktur,,,https://xjmg7.sharepoint.com/sites/Job9,Documents,Job9/Team-SOC/Team-SOC-Technologie-Cloud-und-Infrastruktur
\\joergs-laptop\share\Job9\Team-SOC\Team-SOC-Technologie-Softwareentwicklung,,,https://xjmg7.sharepoint.com/sites/Job9,Documents,Job9/Team-SOC/Team-SOC-Technologie-Softwareentwicklung
\\joergs-laptop\share\Job9\Team-Supplier-Management\Betrieb-und-Projekte-Projektmanagement,,,https://xjmg7.sharepoint.com/sites/Job9,Documents,Job9/Team-Supplier-Management/Betrieb-und-Projekte-Projektmanagement
\\joergs-laptop\share\Job9\Team-Supplier-Management\Facility-und-Workplace-Management,,,https://xjmg7.sharepoint.com/sites/Job9,Documents,Job9/Team-Supplier-Management/Facility-und-Workplace-Management
\\joergs-laptop\share\Job9\Team-Supplier-Management\Team-Supplier-Management-People-und-Culture-Learning-und-Development,,,https://xjmg7.sharepoint.com/sites/Job9,Documents,Job9/Team-Supplier-Management/Team-Supplier-Management-People-und-Culture-Learning-und-Development
\\joergs-laptop\share\Job9\Team-Supplier-Management\Team-Supplier-Management-Technologie-Softwareentwicklung,,,https://xjmg7.sharepoint.com/sites/Job9,Documents,Job9/Team-Supplier-Management/Team-Supplier-Management-Technologie-Softwareentwicklung
\\joergs-laptop\share\Job9\Team-Windows\People-und-Culture-HR-Operations,,,https://xjmg7.sharepoint.com/sites/Job9,Documents,Job9/Team-Windows/People-und-Culture-HR-Operations
\\joergs-laptop\share\Job9\Team-Windows\Team-Windows-People-und-Culture-Talent-Acquisition,,,https://xjmg7.sharepoint.com/sites/Job9,Documents,Job9/Team-Windows/Team-Windows-People-und-Culture-Talent-Acquisition
